<?xml version="1.0" encoding="UTF-8"?>
<gpx creator="Garmin Connect" version="1.1"
  xsi:schemaLocation="http://www.topografix.com/GPX/1/1 http://www.topografix.com/GPX/11.xsd"
  xmlns:ns3="http://www.garmin.com/xmlschemas/TrackPointExtension/v1"
  xmlns="http://www.topografix.com/GPX/1/1"
  xmlns:xsi="http://www.w3.org/2001/XMLSchema-instance" xmlns:ns2="http://www.garmin.com/xmlschemas/GpxExtensions/v3">
  <metadata>
    <link href="connect.garmin.com">
      <text>Garmin Connect</text>
    </link>
    <time>2025-05-04T14:02:17.000Z</time>
  </metadata>
  <trk>
    <name>Vancouver Running</name>
    <type>running</type>
    <trkseg>
      <trkpt lat="49.24263046123087406158447265625" lon="-123.1105608679354190826416015625">
        <ele>97.0</ele>
        <time>2025-05-04T14:02:17.000Z</time>
        <extensions>
          <ns3:TrackPointExtension>
            <ns3:atemp>14.0</ns3:atemp>
            <ns3:hr>108</ns3:hr>
            <ns3:cad>85</ns3:cad>
          </ns3:TrackPointExtension>
        </extensions>
      </trkpt>
      <trkpt lat="49.242658205330371856689453125" lon="-123.11058525927364826202392578125">
        <ele>96.8000030517578125</ele>
        <time>2025-05-04T14:02:18.000Z</time>
        <extensions>
          <ns3:TrackPointExtension>
            <ns3:atemp>14.0</ns3:atemp>
            <ns3:hr>111</ns3:hr>
            <ns3:cad>85</ns3:cad>
          </ns3:TrackPointExtension>
        </extensions>
      </trkpt>
      <trkpt lat="49.24268611706793308258056640625" lon="-123.11061040498316287994384765625">
        <ele>96.8000030517578125</ele>
        <time>2025-05-04T14:02:19.000Z</time>
        <extensions>
          <ns3:TrackPointExtension>
            <ns3:atemp>14.0</ns3:atemp>
            <ns3:hr>112</ns3:hr>
            <ns3:cad>84</ns3:cad>
          </ns3:TrackPointExtension>
        </extensions>
      </trkpt>
      <trkpt lat="49.24271578900516033172607421875" lon="-123.1106297671794891357421875">
        <ele>96.8000030517578125</ele>
        <time>2025-05-04T14:02:20.000Z</time>
        <extensions>
          <ns3:TrackPointExtension>
            <ns3:atemp>14.0</ns3:atemp>
            <ns3:hr>111</ns3:hr>
            <ns3:cad>85</ns3:cad>
          </ns3:TrackPointExtension>
        </extensions>
      </trkpt>
      <trkpt lat="49.24274261109530925750732421875" lon="-123.1106510572135448455810546875">
        <ele>96.8000030517578125</ele>
        <time>2025-05-04T14:02:21.000Z</time>
        <extensions>
          <ns3:TrackPointExtension>
            <ns3:atemp>14.0</ns3:atemp>
            <ns3:hr>115</ns3:hr>
            <ns3:cad>84</ns3:cad>
          </ns3:TrackPointExtension>
        </extensions>
      </trkpt>
      <trkpt lat="49.24276507459580898284912109375" lon="-123.110671006143093109130859375">
        <ele>96.8000030517578125</ele>
        <time>2025-05-04T14:02:22.000Z</time>
        <extensions>
          <ns3:TrackPointExtension>
            <ns3:atemp>14.0</ns3:atemp>
            <ns3:hr>111</ns3:hr>
            <ns3:cad>86</ns3:cad>
          </ns3:TrackPointExtension>
        </extensions>
      </trkpt>
      <trkpt lat="49.242789633572101593017578125" lon="-123.1106943078339099884033203125">
        <ele>96.59999847412109375</ele>
        <time>2025-05-04T14:02:23.000Z</time>
        <extensions>
          <ns3:TrackPointExtension>
            <ns3:atemp>14.0</ns3:atemp>
            <ns3:hr>110</ns3:hr>
            <ns3:cad>87</ns3:cad>
          </ns3:TrackPointExtension>
        </extensions>
      </trkpt>
      <trkpt lat="49.24281922169029712677001953125" lon="-123.11071903444826602935791015625">
        <ele>96.40000152587890625</ele>
        <time>2025-05-04T14:02:24.000Z</time>
        <extensions>
          <ns3:TrackPointExtension>
            <ns3:atemp>14.0</ns3:atemp>
            <ns3:hr>115</ns3:hr>
            <ns3:cad>85</ns3:cad>
          </ns3:TrackPointExtension>
        </extensions>
      </trkpt>
      <trkpt lat="49.24284805543720722198486328125" lon="-123.11074451543390750885009765625">
        <ele>96.0</ele>
        <time>2025-05-04T14:02:25.000Z</time>
        <extensions>
          <ns3:TrackPointExtension>
            <ns3:atemp>14.0</ns3:atemp>
            <ns3:hr>117</ns3:hr>
            <ns3:cad>84</ns3:cad>
          </ns3:TrackPointExtension>
        </extensions>
      </trkpt>
      <trkpt lat="49.24287823028862476348876953125" lon="-123.1107692420482635498046875">
        <ele>96.0</ele>
        <time>2025-05-04T14:02:26.000Z</time>
        <extensions>
          <ns3:TrackPointExtension>
            <ns3:atemp>14.0</ns3:atemp>
            <ns3:hr>111</ns3:hr>
            <ns3:cad>87</ns3:cad>
          </ns3:TrackPointExtension>
        </extensions>
      </trkpt>
      <trkpt lat="49.2429007776081562042236328125" lon="-123.1107989139854907989501953125">
        <ele>95.8000030517578125</ele>
        <time>2025-05-04T14:02:27.000Z</time>
        <extensions>
          <ns3:TrackPointExtension>
            <ns3:atemp>14.0</ns3:atemp>
            <ns3:hr>115</ns3:hr>
            <ns3:cad>87</ns3:cad>
          </ns3:TrackPointExtension>
        </extensions>
      </trkpt>
      <trkpt lat="49.24292248673737049102783203125" lon="-123.11082548461854457855224609375">
        <ele>95.8000030517578125</ele>
        <time>2025-05-04T14:02:28.000Z</time>
        <extensions>
          <ns3:TrackPointExtension>
            <ns3:atemp>14.0</ns3:atemp>
            <ns3:hr>112</ns3:hr>
            <ns3:cad>85</ns3:cad>
          </ns3:TrackPointExtension>
        </extensions>
      </trkpt>
      <trkpt lat="49.2429450340569019317626953125" lon="-123.11085113324224948883056640625">
        <ele>95.8000030517578125</ele>
        <time>2025-05-04T14:02:29.000Z</time>
        <extensions>
          <ns3:TrackPointExtension>
            <ns3:atemp>14.0</ns3:atemp>
            <ns3:hr>109</ns3:hr>
            <ns3:cad>87</ns3:cad>
          </ns3:TrackPointExtension>
        </extensions>
      </trkpt>
      <trkpt lat="49.24297110177576541900634765625" lon="-123.11087477020919322967529296875">
        <ele>95.8000030517578125</ele>
        <time>2025-05-04T14:02:30.000Z</time>
        <extensions>
          <ns3:TrackPointExtension>
            <ns3:atemp>14.0</ns3:atemp>
            <ns3:hr>113</ns3:hr>
            <ns3:cad>87</ns3:cad>
          </ns3:TrackPointExtension>
        </extensions>
      </trkpt>
      <trkpt lat="49.2429931461811065673828125" lon="-123.11089891009032726287841796875">
        <ele>95.8000030517578125</ele>
        <time>2025-05-04T14:02:31.000Z</time>
        <extensions>
          <ns3:TrackPointExtension>
            <ns3:atemp>14.0</ns3:atemp>
            <ns3:hr>113</ns3:hr>
            <ns3:cad>87</ns3:cad>
          </ns3:TrackPointExtension>
        </extensions>
      </trkpt>
      <trkpt lat="49.24301887862384319305419921875" lon="-123.11092145740985870361328125">
        <ele>95.8000030517578125</ele>
        <time>2025-05-04T14:02:32.000Z</time>
        <extensions>
          <ns3:TrackPointExtension>
            <ns3:atemp>14.0</ns3:atemp>
            <ns3:hr>111</ns3:hr>
            <ns3:cad>89</ns3:cad>
          </ns3:TrackPointExtension>
        </extensions>
      </trkpt>
      <trkpt lat="49.24304335378110408782958984375" lon="-123.1109489500522613525390625">
        <ele>95.59999847412109375</ele>
        <time>2025-05-04T14:02:33.000Z</time>
        <extensions>
          <ns3:TrackPointExtension>
            <ns3:atemp>14.0</ns3:atemp>
            <ns3:hr>112</ns3:hr>
            <ns3:cad>86</ns3:cad>
          </ns3:TrackPointExtension>
        </extensions>
      </trkpt>
      <trkpt lat="49.24306833185255527496337890625" lon="-123.11097702942788600921630859375">
        <ele>95.59999847412109375</ele>
        <time>2025-05-04T14:02:34.000Z</time>
        <extensions>
          <ns3:TrackPointExtension>
            <ns3:atemp>14.0</ns3:atemp>
            <ns3:hr>118</ns3:hr>
            <ns3:cad>87</ns3:cad>
          </ns3:TrackPointExtension>
        </extensions>
      </trkpt>
      <trkpt lat="49.2430950701236724853515625" lon="-123.11100804246962070465087890625">
        <ele>95.40000152587890625</ele>
        <time>2025-05-04T14:02:35.000Z</time>
        <extensions>
          <ns3:TrackPointExtension>
            <ns3:atemp>14.0</ns3:atemp>
            <ns3:hr>115</ns3:hr>
            <ns3:cad>86</ns3:cad>
          </ns3:TrackPointExtension>
        </extensions>
      </trkpt>
      <trkpt lat="49.24312281422317028045654296875" lon="-123.1110305897891521453857421875">
        <ele>95.40000152587890625</ele>
        <time>2025-05-04T14:02:36.000Z</time>
        <extensions>
          <ns3:TrackPointExtension>
            <ns3:atemp>14.0</ns3:atemp>
            <ns3:hr>112</ns3:hr>
            <ns3:cad>86</ns3:cad>
          </ns3:TrackPointExtension>
        </extensions>
      </trkpt>
      <trkpt lat="49.2431478761136531829833984375" lon="-123.11105581931769847869873046875">
        <ele>95.1999969482421875</ele>
        <time>2025-05-04T14:02:37.000Z</time>
        <extensions>
          <ns3:TrackPointExtension>
            <ns3:atemp>14.0</ns3:atemp>
            <ns3:hr>108</ns3:hr>
            <ns3:cad>86</ns3:cad>
          </ns3:TrackPointExtension>
        </extensions>
      </trkpt>
      <trkpt lat="49.2431743629276752471923828125" lon="-123.1110909394919872283935546875">
        <ele>95.1999969482421875</ele>
        <time>2025-05-04T14:02:38.000Z</time>
        <extensions>
          <ns3:TrackPointExtension>
            <ns3:atemp>14.0</ns3:atemp>
            <ns3:hr>114</ns3:hr>
            <ns3:cad>85</ns3:cad>
          </ns3:TrackPointExtension>
        </extensions>
      </trkpt>
      <trkpt lat="49.24319992773234844207763671875" lon="-123.11112220399081707000732421875">
        <ele>95.1999969482421875</ele>
        <time>2025-05-04T14:02:39.000Z</time>
        <extensions>
          <ns3:TrackPointExtension>
            <ns3:atemp>14.0</ns3:atemp>
            <ns3:hr>117</ns3:hr>
            <ns3:cad>89</ns3:cad>
          </ns3:TrackPointExtension>
        </extensions>
      </trkpt>
      <trkpt lat="49.24322239123284816741943359375" lon="-123.1111432425677776336669921875">
        <ele>95.1999969482421875</ele>
        <time>2025-05-04T14:02:40.000Z</time>
        <extensions>
          <ns3:TrackPointExtension>
            <ns3:atemp>14.0</ns3:atemp>
            <ns3:hr>117</ns3:hr>
            <ns3:cad>85</ns3:cad>
          </ns3:TrackPointExtension>
        </extensions>
      </trkpt>
      <trkpt lat="49.24324418418109416961669921875" lon="-123.111164532601833343505859375">
        <ele>95.1999969482421875</ele>
        <time>2025-05-04T14:02:41.000Z</time>
        <extensions>
          <ns3:TrackPointExtension>
            <ns3:atemp>14.0</ns3:atemp>
            <ns3:hr>114</ns3:hr>
            <ns3:cad>84</ns3:cad>
          </ns3:TrackPointExtension>
        </extensions>
      </trkpt>
      <trkpt lat="49.24326547421514987945556640625" lon="-123.11119194142520427703857421875">
        <ele>95.0</ele>
        <time>2025-05-04T14:02:42.000Z</time>
        <extensions>
          <ns3:TrackPointExtension>
            <ns3:atemp>14.0</ns3:atemp>
            <ns3:hr>115</ns3:hr>
            <ns3:cad>87</ns3:cad>
          </ns3:TrackPointExtension>
        </extensions>
      </trkpt>
      <trkpt lat="49.24329045228660106658935546875" lon="-123.11121759004890918731689453125">
        <ele>95.0</ele>
        <time>2025-05-04T14:02:43.000Z</time>
        <extensions>
          <ns3:TrackPointExtension>
            <ns3:atemp>14.0</ns3:atemp>
            <ns3:hr>113</ns3:hr>
            <ns3:cad>85</ns3:cad>
          </ns3:TrackPointExtension>
        </extensions>
      </trkpt>
      <trkpt lat="49.2433171905577182769775390625" lon="-123.11124600470066070556640625">
        <ele>95.0</ele>
        <time>2025-05-04T14:02:44.000Z</time>
        <extensions>
          <ns3:TrackPointExtension>
            <ns3:atemp>14.0</ns3:atemp>
            <ns3:hr>114</ns3:hr>
            <ns3:cad>89</ns3:cad>
          </ns3:TrackPointExtension>
        </extensions>
      </trkpt>
      <trkpt lat="49.24334049224853515625" lon="-123.11127911321818828582763671875">
        <ele>94.8000030517578125</ele>
        <time>2025-05-04T14:02:45.000Z</time>
        <extensions>
          <ns3:TrackPointExtension>
            <ns3:atemp>14.0</ns3:atemp>
            <ns3:hr>116</ns3:hr>
            <ns3:cad>86</ns3:cad>
          </ns3:TrackPointExtension>
        </extensions>
      </trkpt>
      <trkpt lat="49.24336220137774944305419921875" lon="-123.11130861751735210418701171875">
        <ele>94.8000030517578125</ele>
        <time>2025-05-04T14:02:46.000Z</time>
        <extensions>
          <ns3:TrackPointExtension>
            <ns3:atemp>14.0</ns3:atemp>
            <ns3:hr>115</ns3:hr>
            <ns3:cad>88</ns3:cad>
          </ns3:TrackPointExtension>
        </extensions>
      </trkpt>
      <trkpt lat="49.24338600598275661468505859375" lon="-123.1113373674452304840087890625">
        <ele>95.0</ele>
        <time>2025-05-04T14:02:47.000Z</time>
        <extensions>
          <ns3:TrackPointExtension>
            <ns3:atemp>14.0</ns3:atemp>
            <ns3:hr>113</ns3:hr>
            <ns3:cad>85</ns3:cad>
          </ns3:TrackPointExtension>
        </extensions>
      </trkpt>
      <trkpt lat="49.24340846948325634002685546875" lon="-123.11136662028729915618896484375">
        <ele>94.8000030517578125</ele>
        <time>2025-05-04T14:02:48.000Z</time>
        <extensions>
          <ns3:TrackPointExtension>
            <ns3:atemp>14.0</ns3:atemp>
            <ns3:hr>113</ns3:hr>
            <ns3:cad>88</ns3:cad>
          </ns3:TrackPointExtension>
        </extensions>
      </trkpt>
      <trkpt lat="49.24342640675604343414306640625" lon="-123.11140148900449275970458984375">
        <ele>94.8000030517578125</ele>
        <time>2025-05-04T14:02:49.000Z</time>
        <extensions>
          <ns3:TrackPointExtension>
            <ns3:atemp>14.0</ns3:atemp>
            <ns3:hr>115</ns3:hr>
            <ns3:cad>88</ns3:cad>
          </ns3:TrackPointExtension>
        </extensions>
      </trkpt>
      <trkpt lat="49.24344819970428943634033203125" lon="-123.11144088394939899444580078125">
        <ele>94.59999847412109375</ele>
        <time>2025-05-04T14:02:50.000Z</time>
        <extensions>
          <ns3:TrackPointExtension>
            <ns3:atemp>14.0</ns3:atemp>
            <ns3:hr>120</ns3:hr>
            <ns3:cad>88</ns3:cad>
          </ns3:TrackPointExtension>
        </extensions>
      </trkpt>
      <trkpt lat="49.2434734292328357696533203125" lon="-123.11147608794271945953369140625">
        <ele>94.59999847412109375</ele>
        <time>2025-05-04T14:02:51.000Z</time>
        <extensions>
          <ns3:TrackPointExtension>
            <ns3:atemp>14.0</ns3:atemp>
            <ns3:hr>113</ns3:hr>
            <ns3:cad>86</ns3:cad>
          </ns3:TrackPointExtension>
        </extensions>
      </trkpt>
      <trkpt lat="49.2434982396662235260009765625" lon="-123.11150659807026386260986328125">
        <ele>94.59999847412109375</ele>
        <time>2025-05-04T14:02:52.000Z</time>
        <extensions>
          <ns3:TrackPointExtension>
            <ns3:atemp>14.0</ns3:atemp>
            <ns3:hr>117</ns3:hr>
            <ns3:cad>88</ns3:cad>
          </ns3:TrackPointExtension>
        </extensions>
      </trkpt>
      <trkpt lat="49.24352346919476985931396484375" lon="-123.11153643764555454254150390625">
        <ele>94.59999847412109375</ele>
        <time>2025-05-04T14:02:53.000Z</time>
        <extensions>
          <ns3:TrackPointExtension>
            <ns3:atemp>14.0</ns3:atemp>
            <ns3:hr>117</ns3:hr>
            <ns3:cad>88</ns3:cad>
          </ns3:TrackPointExtension>
        </extensions>
      </trkpt>
      <trkpt lat="49.24355146475136280059814453125" lon="-123.1115737371146678924560546875">
        <ele>94.59999847412109375</ele>
        <time>2025-05-04T14:02:54.000Z</time>
        <extensions>
          <ns3:TrackPointExtension>
            <ns3:atemp>14.0</ns3:atemp>
            <ns3:hr>116</ns3:hr>
            <ns3:cad>88</ns3:cad>
          </ns3:TrackPointExtension>
        </extensions>
      </trkpt>
      <trkpt lat="49.243576191365718841552734375" lon="-123.11160835437476634979248046875">
        <ele>94.40000152587890625</ele>
        <time>2025-05-04T14:02:55.000Z</time>
        <extensions>
          <ns3:TrackPointExtension>
            <ns3:atemp>14.0</ns3:atemp>
            <ns3:hr>115</ns3:hr>
            <ns3:cad>84</ns3:cad>
          </ns3:TrackPointExtension>
        </extensions>
      </trkpt>
      <trkpt lat="49.2435951344668865203857421875" lon="-123.1116451509296894073486328125">
        <ele>94.40000152587890625</ele>
        <time>2025-05-04T14:02:56.000Z</time>
        <extensions>
          <ns3:TrackPointExtension>
            <ns3:atemp>14.0</ns3:atemp>
            <ns3:hr>118</ns3:hr>
            <ns3:cad>84</ns3:cad>
          </ns3:TrackPointExtension>
        </extensions>
      </trkpt>
      <trkpt lat="49.243611730635166168212890625" lon="-123.111685216426849365234375">
        <ele>94.40000152587890625</ele>
        <time>2025-05-04T14:02:57.000Z</time>
        <extensions>
          <ns3:TrackPointExtension>
            <ns3:atemp>14.0</ns3:atemp>
            <ns3:hr>116</ns3:hr>
            <ns3:cad>86</ns3:cad>
          </ns3:TrackPointExtension>
        </extensions>
      </trkpt>
      <trkpt lat="49.24363276921212673187255859375" lon="-123.1117128767073154449462890625">
        <ele>94.1999969482421875</ele>
        <time>2025-05-04T14:02:58.000Z</time>
        <extensions>
          <ns3:TrackPointExtension>
            <ns3:atemp>14.0</ns3:atemp>
            <ns3:hr>117</ns3:hr>
            <ns3:cad>88</ns3:cad>
          </ns3:TrackPointExtension>
        </extensions>
      </trkpt>
      <trkpt lat="49.24365020357072353363037109375" lon="-123.11175134964287281036376953125">
        <ele>94.40000152587890625</ele>
        <time>2025-05-04T14:02:59.000Z</time>
        <extensions>
          <ns3:TrackPointExtension>
            <ns3:atemp>14.0</ns3:atemp>
            <ns3:hr>119</ns3:hr>
            <ns3:cad>84</ns3:cad>
          </ns3:TrackPointExtension>
        </extensions>
      </trkpt>
      <trkpt lat="49.243670739233493804931640625" lon="-123.11178957112133502960205078125">
        <ele>94.40000152587890625</ele>
        <time>2025-05-04T14:03:00.000Z</time>
        <extensions>
          <ns3:TrackPointExtension>
            <ns3:atemp>14.0</ns3:atemp>
            <ns3:hr>113</ns3:hr>
            <ns3:cad>85</ns3:cad>
          </ns3:TrackPointExtension>
        </extensions>
      </trkpt>
      <trkpt lat="49.24369311891496181488037109375" lon="-123.11182511039078235626220703125">
        <ele>94.1999969482421875</ele>
        <time>2025-05-04T14:03:01.000Z</time>
        <extensions>
          <ns3:TrackPointExtension>
            <ns3:atemp>14.0</ns3:atemp>
            <ns3:hr>116</ns3:hr>
            <ns3:cad>89</ns3:cad>
          </ns3:TrackPointExtension>
        </extensions>
      </trkpt>
      <trkpt lat="49.24371776171028614044189453125" lon="-123.11186601407825946807861328125">
        <ele>94.40000152587890625</ele>
        <time>2025-05-04T14:03:02.000Z</time>
        <extensions>
          <ns3:TrackPointExtension>
            <ns3:atemp>14.0</ns3:atemp>
            <ns3:hr>116</ns3:hr>
            <ns3:cad>85</ns3:cad>
          </ns3:TrackPointExtension>
        </extensions>
      </trkpt>
      <trkpt lat="49.2437374591827392578125" lon="-123.11190406791865825653076171875">
        <ele>94.1999969482421875</ele>
        <time>2025-05-04T14:03:03.000Z</time>
        <extensions>
          <ns3:TrackPointExtension>
            <ns3:atemp>14.0</ns3:atemp>
            <ns3:hr>116</ns3:hr>
            <ns3:cad>88</ns3:cad>
          </ns3:TrackPointExtension>
        </extensions>
      </trkpt>
      <trkpt lat="49.2437547259032726287841796875" lon="-123.11193474568426609039306640625">
        <ele>94.0</ele>
        <time>2025-05-04T14:03:04.000Z</time>
        <extensions>
          <ns3:TrackPointExtension>
            <ns3:atemp>14.0</ns3:atemp>
            <ns3:hr>116</ns3:hr>
            <ns3:cad>85</ns3:cad>
          </ns3:TrackPointExtension>
        </extensions>
      </trkpt>
      <trkpt lat="49.24377576448023319244384765625" lon="-123.11197430826723575592041015625">
        <ele>93.8000030517578125</ele>
        <time>2025-05-04T14:03:05.000Z</time>
        <extensions>
          <ns3:TrackPointExtension>
            <ns3:atemp>14.0</ns3:atemp>
            <ns3:hr>114</ns3:hr>
            <ns3:cad>87</ns3:cad>
          </ns3:TrackPointExtension>
        </extensions>
      </trkpt>
      <trkpt lat="49.243792109191417694091796875" lon="-123.11200884170830249786376953125">
        <ele>93.59999847412109375</ele>
        <time>2025-05-04T14:03:06.000Z</time>
        <extensions>
          <ns3:TrackPointExtension>
            <ns3:atemp>14.0</ns3:atemp>
            <ns3:hr>114</ns3:hr>
            <ns3:cad>85</ns3:cad>
          </ns3:TrackPointExtension>
        </extensions>
      </trkpt>
      <trkpt lat="49.24380845390260219573974609375" lon="-123.11204739846289157867431640625">
        <ele>93.1999969482421875</ele>
        <time>2025-05-04T14:03:07.000Z</time>
        <extensions>
          <ns3:TrackPointExtension>
            <ns3:atemp>14.0</ns3:atemp>
            <ns3:hr>116</ns3:hr>
            <ns3:cad>88</ns3:cad>
          </ns3:TrackPointExtension>
        </extensions>
      </trkpt>
      <trkpt lat="49.2438274808228015899658203125" lon="-123.1120870448648929595947265625">
        <ele>93.0</ele>
        <time>2025-05-04T14:03:08.000Z</time>
        <extensions>
          <ns3:TrackPointExtension>
            <ns3:atemp>14.0</ns3:atemp>
            <ns3:hr>115</ns3:hr>
            <ns3:cad>87</ns3:cad>
          </ns3:TrackPointExtension>
        </extensions>
      </trkpt>
      <trkpt lat="49.24384382553398609161376953125" lon="-123.11212711036205291748046875">
        <ele>92.59999847412109375</ele>
        <time>2025-05-04T14:03:09.000Z</time>
        <extensions>
          <ns3:TrackPointExtension>
            <ns3:atemp>14.0</ns3:atemp>
            <ns3:hr>120</ns3:hr>
            <ns3:cad>86</ns3:cad>
          </ns3:TrackPointExtension>
        </extensions>
      </trkpt>
      <trkpt lat="49.24385773949325084686279296875" lon="-123.112159632146358489990234375">
        <ele>92.8000030517578125</ele>
        <time>2025-05-04T14:03:10.000Z</time>
        <extensions>
          <ns3:TrackPointExtension>
            <ns3:atemp>14.0</ns3:atemp>
            <ns3:hr>123</ns3:hr>
            <ns3:cad>86</ns3:cad>
          </ns3:TrackPointExtension>
        </extensions>
      </trkpt>
      <trkpt lat="49.2438700608909130096435546875" lon="-123.11220279894769191741943359375">
        <ele>92.40000152587890625</ele>
        <time>2025-05-04T14:03:11.000Z</time>
        <extensions>
          <ns3:TrackPointExtension>
            <ns3:atemp>14.0</ns3:atemp>
            <ns3:hr>116</ns3:hr>
            <ns3:cad>86</ns3:cad>
          </ns3:TrackPointExtension>
        </extensions>
      </trkpt>
      <trkpt lat="49.24388724379241466522216796875" lon="-123.11224269680678844451904296875">
        <ele>92.40000152587890625</ele>
        <time>2025-05-04T14:03:12.000Z</time>
        <extensions>
          <ns3:TrackPointExtension>
            <ns3:atemp>14.0</ns3:atemp>
            <ns3:hr>116</ns3:hr>
            <ns3:cad>83</ns3:cad>
          </ns3:TrackPointExtension>
        </extensions>
      </trkpt>
      <trkpt lat="49.243902079761028289794921875" lon="-123.112289048731327056884765625">
        <ele>92.40000152587890625</ele>
        <time>2025-05-04T14:03:13.000Z</time>
        <extensions>
          <ns3:TrackPointExtension>
            <ns3:atemp>14.0</ns3:atemp>
            <ns3:hr>119</ns3:hr>
            <ns3:cad>88</ns3:cad>
          </ns3:TrackPointExtension>
        </extensions>
      </trkpt>
      <trkpt lat="49.2439126409590244293212890625" lon="-123.11233171261847019195556640625">
        <ele>92.1999969482421875</ele>
        <time>2025-05-04T14:03:14.000Z</time>
        <extensions>
          <ns3:TrackPointExtension>
            <ns3:atemp>14.0</ns3:atemp>
            <ns3:hr>119</ns3:hr>
            <ns3:cad>85</ns3:cad>
          </ns3:TrackPointExtension>
        </extensions>
      </trkpt>
      <trkpt lat="49.243929572403430938720703125" lon="-123.11238334514200687408447265625">
        <ele>92.0</ele>
        <time>2025-05-04T14:03:15.000Z</time>
        <extensions>
          <ns3:TrackPointExtension>
            <ns3:atemp>14.0</ns3:atemp>
            <ns3:hr>119</ns3:hr>
            <ns3:cad>87</ns3:cad>
          </ns3:TrackPointExtension>
        </extensions>
      </trkpt>
      <trkpt lat="49.243940971791744232177734375" lon="-123.1124226562678813934326171875">
        <ele>92.0</ele>
        <time>2025-05-04T14:03:16.000Z</time>
        <extensions>
          <ns3:TrackPointExtension>
            <ns3:atemp>14.0</ns3:atemp>
            <ns3:hr>119</ns3:hr>
            <ns3:cad>85</ns3:cad>
          </ns3:TrackPointExtension>
        </extensions>
      </trkpt>
      <trkpt lat="49.2439533770084381103515625" lon="-123.112461380660533905029296875">
        <ele>92.0</ele>
        <time>2025-05-04T14:03:17.000Z</time>
        <extensions>
          <ns3:TrackPointExtension>
            <ns3:atemp>14.0</ns3:atemp>
            <ns3:hr>118</ns3:hr>
            <ns3:cad>86</ns3:cad>
          </ns3:TrackPointExtension>
        </extensions>
      </trkpt>
      <trkpt lat="49.2439667880535125732421875" lon="-123.11250722967088222503662109375">
        <ele>91.8000030517578125</ele>
        <time>2025-05-04T14:03:18.000Z</time>
        <extensions>
          <ns3:TrackPointExtension>
            <ns3:atemp>14.0</ns3:atemp>
            <ns3:hr>116</ns3:hr>
            <ns3:cad>85</ns3:cad>
          </ns3:TrackPointExtension>
        </extensions>
      </trkpt>
      <trkpt lat="49.24398045055568218231201171875" lon="-123.11255089938640594482421875">
        <ele>91.8000030517578125</ele>
        <time>2025-05-04T14:03:19.000Z</time>
        <extensions>
          <ns3:TrackPointExtension>
            <ns3:atemp>14.0</ns3:atemp>
            <ns3:hr>120</ns3:hr>
            <ns3:cad>87</ns3:cad>
          </ns3:TrackPointExtension>
        </extensions>
      </trkpt>
      <trkpt lat="49.24398950301110744476318359375" lon="-123.11259054578840732574462890625">
        <ele>91.8000030517578125</ele>
        <time>2025-05-04T14:03:20.000Z</time>
        <extensions>
          <ns3:TrackPointExtension>
            <ns3:atemp>14.0</ns3:atemp>
            <ns3:hr>119</ns3:hr>
            <ns3:cad>88</ns3:cad>
          </ns3:TrackPointExtension>
        </extensions>
      </trkpt>
      <trkpt lat="49.243995957076549530029296875" lon="-123.11263580806553363800048828125">
        <ele>91.8000030517578125</ele>
        <time>2025-05-04T14:03:21.000Z</time>
        <extensions>
          <ns3:TrackPointExtension>
            <ns3:atemp>14.0</ns3:atemp>
            <ns3:hr>120</ns3:hr>
            <ns3:cad>88</ns3:cad>
          </ns3:TrackPointExtension>
        </extensions>
      </trkpt>
      <trkpt lat="49.24400542862713336944580078125" lon="-123.11268526129424571990966796875">
        <ele>91.8000030517578125</ele>
        <time>2025-05-04T14:03:22.000Z</time>
        <extensions>
          <ns3:TrackPointExtension>
            <ns3:atemp>14.0</ns3:atemp>
            <ns3:hr>120</ns3:hr>
            <ns3:cad>85</ns3:cad>
          </ns3:TrackPointExtension>
        </extensions>
      </trkpt>
      <trkpt lat="49.24401850439608097076416015625" lon="-123.1127347983419895172119140625">
        <ele>92.0</ele>
        <time>2025-05-04T14:03:23.000Z</time>
        <extensions>
          <ns3:TrackPointExtension>
            <ns3:atemp>14.0</ns3:atemp>
            <ns3:hr>115</ns3:hr>
            <ns3:cad>85</ns3:cad>
          </ns3:TrackPointExtension>
        </extensions>
      </trkpt>
      <trkpt lat="49.244026131927967071533203125" lon="-123.11278215609490871429443359375">
        <ele>92.1999969482421875</ele>
        <time>2025-05-04T14:03:24.000Z</time>
        <extensions>
          <ns3:TrackPointExtension>
            <ns3:atemp>14.0</ns3:atemp>
            <ns3:hr>120</ns3:hr>
            <ns3:cad>88</ns3:cad>
          </ns3:TrackPointExtension>
        </extensions>
      </trkpt>
      <trkpt lat="49.2440330050885677337646484375" lon="-123.11283060349524021148681640625">
        <ele>92.0</ele>
        <time>2025-05-04T14:03:25.000Z</time>
        <extensions>
          <ns3:TrackPointExtension>
            <ns3:atemp>14.0</ns3:atemp>
            <ns3:hr>117</ns3:hr>
            <ns3:cad>87</ns3:cad>
          </ns3:TrackPointExtension>
        </extensions>
      </trkpt>
      <trkpt lat="49.24403719604015350341796875" lon="-123.11287586577236652374267578125">
        <ele>92.0</ele>
        <time>2025-05-04T14:03:26.000Z</time>
        <extensions>
          <ns3:TrackPointExtension>
            <ns3:atemp>14.0</ns3:atemp>
            <ns3:hr>121</ns3:hr>
            <ns3:cad>86</ns3:cad>
          </ns3:TrackPointExtension>
        </extensions>
      </trkpt>
      <trkpt lat="49.24404616467654705047607421875" lon="-123.112924732267856597900390625">
        <ele>92.0</ele>
        <time>2025-05-04T14:03:27.000Z</time>
        <extensions>
          <ns3:TrackPointExtension>
            <ns3:atemp>14.0</ns3:atemp>
            <ns3:hr>117</ns3:hr>
            <ns3:cad>86</ns3:cad>
          </ns3:TrackPointExtension>
        </extensions>
      </trkpt>
      <trkpt lat="49.24405085854232311248779296875" lon="-123.1129725091159343719482421875">
        <ele>92.0</ele>
        <time>2025-05-04T14:03:28.000Z</time>
        <extensions>
          <ns3:TrackPointExtension>
            <ns3:atemp>14.0</ns3:atemp>
            <ns3:hr>123</ns3:hr>
            <ns3:cad>86</ns3:cad>
          </ns3:TrackPointExtension>
        </extensions>
      </trkpt>
      <trkpt lat="49.2440588213503360748291015625" lon="-123.113015592098236083984375">
        <ele>91.8000030517578125</ele>
        <time>2025-05-04T14:03:29.000Z</time>
        <extensions>
          <ns3:TrackPointExtension>
            <ns3:atemp>14.0</ns3:atemp>
            <ns3:hr>123</ns3:hr>
            <ns3:cad>87</ns3:cad>
          </ns3:TrackPointExtension>
        </extensions>
      </trkpt>
      <trkpt lat="49.24406670033931732177734375" lon="-123.11306378804147243499755859375">
        <ele>91.8000030517578125</ele>
        <time>2025-05-04T14:03:30.000Z</time>
        <extensions>
          <ns3:TrackPointExtension>
            <ns3:atemp>14.0</ns3:atemp>
            <ns3:hr>119</ns3:hr>
            <ns3:cad>85</ns3:cad>
          </ns3:TrackPointExtension>
        </extensions>
      </trkpt>
      <trkpt lat="49.24407248385250568389892578125" lon="-123.1131069548428058624267578125">
        <ele>92.0</ele>
        <time>2025-05-04T14:03:31.000Z</time>
        <extensions>
          <ns3:TrackPointExtension>
            <ns3:atemp>14.0</ns3:atemp>
            <ns3:hr>120</ns3:hr>
            <ns3:cad>86</ns3:cad>
          </ns3:TrackPointExtension>
        </extensions>
      </trkpt>
      <trkpt lat="49.24408279359340667724609375" lon="-123.11315699480473995208740234375">
        <ele>92.0</ele>
        <time>2025-05-04T14:03:32.000Z</time>
        <extensions>
          <ns3:TrackPointExtension>
            <ns3:atemp>14.0</ns3:atemp>
            <ns3:hr>118</ns3:hr>
            <ns3:cad>86</ns3:cad>
          </ns3:TrackPointExtension>
        </extensions>
      </trkpt>
      <trkpt lat="49.24409276805818080902099609375" lon="-123.11320577748119831085205078125">
        <ele>91.8000030517578125</ele>
        <time>2025-05-04T14:03:33.000Z</time>
        <extensions>
          <ns3:TrackPointExtension>
            <ns3:atemp>14.0</ns3:atemp>
            <ns3:hr>115</ns3:hr>
            <ns3:cad>85</ns3:cad>
          </ns3:TrackPointExtension>
        </extensions>
      </trkpt>
      <trkpt lat="49.24409980885684490203857421875" lon="-123.11324894428253173828125">
        <ele>91.8000030517578125</ele>
        <time>2025-05-04T14:03:34.000Z</time>
        <extensions>
          <ns3:TrackPointExtension>
            <ns3:atemp>14.0</ns3:atemp>
            <ns3:hr>116</ns3:hr>
            <ns3:cad>85</ns3:cad>
          </ns3:TrackPointExtension>
        </extensions>
      </trkpt>
      <trkpt lat="49.24410936422646045684814453125" lon="-123.1132923625409603118896484375">
        <ele>91.8000030517578125</ele>
        <time>2025-05-04T14:03:35.000Z</time>
        <extensions>
          <ns3:TrackPointExtension>
            <ns3:atemp>14.0</ns3:atemp>
            <ns3:hr>121</ns3:hr>
            <ns3:cad>87</ns3:cad>
          </ns3:TrackPointExtension>
        </extensions>
      </trkpt>
      <trkpt lat="49.24411439336836338043212890625" lon="-123.1133372895419597625732421875">
        <ele>91.8000030517578125</ele>
        <time>2025-05-04T14:03:36.000Z</time>
        <extensions>
          <ns3:TrackPointExtension>
            <ns3:atemp>14.0</ns3:atemp>
            <ns3:hr>122</ns3:hr>
            <ns3:cad>86</ns3:cad>
          </ns3:TrackPointExtension>
        </extensions>
      </trkpt>
      <trkpt lat="49.2441242001950740814208984375" lon="-123.11338364146649837493896484375">
        <ele>91.8000030517578125</ele>
        <time>2025-05-04T14:03:37.000Z</time>
        <extensions>
          <ns3:TrackPointExtension>
            <ns3:atemp>14.0</ns3:atemp>
            <ns3:hr>120</ns3:hr>
            <ns3:cad>87</ns3:cad>
          </ns3:TrackPointExtension>
        </extensions>
      </trkpt>
      <trkpt lat="49.24412931315600872039794921875" lon="-123.11343342997133731842041015625">
        <ele>91.59999847412109375</ele>
        <time>2025-05-04T14:03:38.000Z</time>
        <extensions>
          <ns3:TrackPointExtension>
            <ns3:atemp>14.0</ns3:atemp>
            <ns3:hr>118</ns3:hr>
            <ns3:cad>86</ns3:cad>
          </ns3:TrackPointExtension>
        </extensions>
      </trkpt>
      <trkpt lat="49.2441285587847232818603515625" lon="-123.11347785405814647674560546875">
        <ele>91.59999847412109375</ele>
        <time>2025-05-04T14:03:39.000Z</time>
        <extensions>
          <ns3:TrackPointExtension>
            <ns3:atemp>14.0</ns3:atemp>
            <ns3:hr>118</ns3:hr>
            <ns3:cad>89</ns3:cad>
          </ns3:TrackPointExtension>
        </extensions>
      </trkpt>
      <trkpt lat="49.24412998370826244354248046875" lon="-123.1135233677923679351806640625">
        <ele>91.40000152587890625</ele>
        <time>2025-05-04T14:03:40.000Z</time>
        <extensions>
          <ns3:TrackPointExtension>
            <ns3:atemp>14.0</ns3:atemp>
            <ns3:hr>120</ns3:hr>
            <ns3:cad>88</ns3:cad>
          </ns3:TrackPointExtension>
        </extensions>
      </trkpt>
      <trkpt lat="49.24413911998271942138671875" lon="-123.11357256956398487091064453125">
        <ele>91.1999969482421875</ele>
        <time>2025-05-04T14:03:41.000Z</time>
        <extensions>
          <ns3:TrackPointExtension>
            <ns3:atemp>14.0</ns3:atemp>
            <ns3:hr>119</ns3:hr>
            <ns3:cad>87</ns3:cad>
          </ns3:TrackPointExtension>
        </extensions>
      </trkpt>
      <trkpt lat="49.2441439814865589141845703125" lon="-123.11361732892692089080810546875">
        <ele>91.1999969482421875</ele>
        <time>2025-05-04T14:03:42.000Z</time>
        <extensions>
          <ns3:TrackPointExtension>
            <ns3:atemp>14.0</ns3:atemp>
            <ns3:hr>122</ns3:hr>
            <ns3:cad>85</ns3:cad>
          </ns3:TrackPointExtension>
        </extensions>
      </trkpt>
      <trkpt lat="49.24414741806685924530029296875" lon="-123.11366208828985691070556640625">
        <ele>91.1999969482421875</ele>
        <time>2025-05-04T14:03:43.000Z</time>
        <extensions>
          <ns3:TrackPointExtension>
            <ns3:atemp>14.0</ns3:atemp>
            <ns3:hr>121</ns3:hr>
            <ns3:cad>88</ns3:cad>
          </ns3:TrackPointExtension>
        </extensions>
      </trkpt>
      <trkpt lat="49.2441518604755401611328125" lon="-123.11370902694761753082275390625">
        <ele>91.0</ele>
        <time>2025-05-04T14:03:44.000Z</time>
        <extensions>
          <ns3:TrackPointExtension>
            <ns3:atemp>14.0</ns3:atemp>
            <ns3:hr>120</ns3:hr>
            <ns3:cad>87</ns3:cad>
          </ns3:TrackPointExtension>
        </extensions>
      </trkpt>
      <trkpt lat="49.24415462650358676910400390625" lon="-123.1137577258050441741943359375">
        <ele>91.1999969482421875</ele>
        <time>2025-05-04T14:03:45.000Z</time>
        <extensions>
          <ns3:TrackPointExtension>
            <ns3:atemp>14.0</ns3:atemp>
            <ns3:hr>121</ns3:hr>
            <ns3:cad>87</ns3:cad>
          </ns3:TrackPointExtension>
        </extensions>
      </trkpt>
      <trkpt lat="49.24415814690291881561279296875" lon="-123.1138049997389316558837890625">
        <ele>91.0</ele>
        <time>2025-05-04T14:03:46.000Z</time>
        <extensions>
          <ns3:TrackPointExtension>
            <ns3:atemp>14.0</ns3:atemp>
            <ns3:hr>121</ns3:hr>
            <ns3:cad>86</ns3:cad>
          </ns3:TrackPointExtension>
        </extensions>
      </trkpt>
      <trkpt lat="49.24415814690291881561279296875" lon="-123.11385001055896282196044921875">
        <ele>91.1999969482421875</ele>
        <time>2025-05-04T14:03:47.000Z</time>
        <extensions>
          <ns3:TrackPointExtension>
            <ns3:atemp>14.0</ns3:atemp>
            <ns3:hr>124</ns3:hr>
            <ns3:cad>87</ns3:cad>
          </ns3:TrackPointExtension>
        </extensions>
      </trkpt>
      <trkpt lat="49.244160912930965423583984375" lon="-123.11389577575027942657470703125">
        <ele>91.1999969482421875</ele>
        <time>2025-05-04T14:03:48.000Z</time>
        <extensions>
          <ns3:TrackPointExtension>
            <ns3:atemp>14.0</ns3:atemp>
            <ns3:hr>120</ns3:hr>
            <ns3:cad>85</ns3:cad>
          </ns3:TrackPointExtension>
        </extensions>
      </trkpt>
      <trkpt lat="49.24416099674999713897705078125" lon="-123.11394539661705493927001953125">
        <ele>91.1999969482421875</ele>
        <time>2025-05-04T14:03:49.000Z</time>
        <extensions>
          <ns3:TrackPointExtension>
            <ns3:atemp>14.0</ns3:atemp>
            <ns3:hr>119</ns3:hr>
            <ns3:cad>84</ns3:cad>
          </ns3:TrackPointExtension>
        </extensions>
      </trkpt>
      <trkpt lat="49.24416325986385345458984375" lon="-123.11399484984576702117919921875">
        <ele>91.1999969482421875</ele>
        <time>2025-05-04T14:03:50.000Z</time>
        <extensions>
          <ns3:TrackPointExtension>
            <ns3:atemp>14.0</ns3:atemp>
            <ns3:hr>125</ns3:hr>
            <ns3:cad>85</ns3:cad>
          </ns3:TrackPointExtension>
        </extensions>
      </trkpt>
      <trkpt lat="49.24416434951126575469970703125" lon="-123.1140427105128765106201171875">
        <ele>91.1999969482421875</ele>
        <time>2025-05-04T14:03:51.000Z</time>
        <extensions>
          <ns3:TrackPointExtension>
            <ns3:atemp>14.0</ns3:atemp>
            <ns3:hr>120</ns3:hr>
            <ns3:cad>84</ns3:cad>
          </ns3:TrackPointExtension>
        </extensions>
      </trkpt>
      <trkpt lat="49.24416728317737579345703125" lon="-123.114092163741588592529296875">
        <ele>91.1999969482421875</ele>
        <time>2025-05-04T14:03:52.000Z</time>
        <extensions>
          <ns3:TrackPointExtension>
            <ns3:atemp>14.0</ns3:atemp>
            <ns3:hr>119</ns3:hr>
            <ns3:cad>86</ns3:cad>
          </ns3:TrackPointExtension>
        </extensions>
      </trkpt>
      <trkpt lat="49.24416191875934600830078125" lon="-123.1141359172761440277099609375">
        <ele>91.1999969482421875</ele>
        <time>2025-05-04T14:03:53.000Z</time>
        <extensions>
          <ns3:TrackPointExtension>
            <ns3:atemp>14.0</ns3:atemp>
            <ns3:hr>119</ns3:hr>
            <ns3:cad>87</ns3:cad>
          </ns3:TrackPointExtension>
        </extensions>
      </trkpt>
      <trkpt lat="49.2441625893115997314453125" lon="-123.11419048346579074859619140625">
        <ele>91.1999969482421875</ele>
        <time>2025-05-04T14:03:54.000Z</time>
        <extensions>
          <ns3:TrackPointExtension>
            <ns3:atemp>14.0</ns3:atemp>
            <ns3:hr>120</ns3:hr>
            <ns3:cad>87</ns3:cad>
          </ns3:TrackPointExtension>
        </extensions>
      </trkpt>
      <trkpt lat="49.24415999092161655426025390625" lon="-123.11423473991453647613525390625">
        <ele>91.0</ele>
        <time>2025-05-04T14:03:55.000Z</time>
        <extensions>
          <ns3:TrackPointExtension>
            <ns3:atemp>14.0</ns3:atemp>
            <ns3:hr>117</ns3:hr>
            <ns3:cad>87</ns3:cad>
          </ns3:TrackPointExtension>
        </extensions>
      </trkpt>
      <trkpt lat="49.24415655434131622314453125" lon="-123.1142857857048511505126953125">
        <ele>91.1999969482421875</ele>
        <time>2025-05-04T14:03:56.000Z</time>
        <extensions>
          <ns3:TrackPointExtension>
            <ns3:atemp>14.0</ns3:atemp>
            <ns3:hr>122</ns3:hr>
            <ns3:cad>84</ns3:cad>
          </ns3:TrackPointExtension>
        </extensions>
      </trkpt>
      <trkpt lat="49.24415345303714275360107421875" lon="-123.11433163471519947052001953125">
        <ele>91.0</ele>
        <time>2025-05-04T14:03:57.000Z</time>
        <extensions>
          <ns3:TrackPointExtension>
            <ns3:atemp>14.0</ns3:atemp>
            <ns3:hr>122</ns3:hr>
            <ns3:cad>88</ns3:cad>
          </ns3:TrackPointExtension>
        </extensions>
      </trkpt>
      <trkpt lat="49.24415546469390392303466796875" lon="-123.11437555588781833648681640625">
        <ele>91.0</ele>
        <time>2025-05-04T14:03:58.000Z</time>
        <extensions>
          <ns3:TrackPointExtension>
            <ns3:atemp>14.0</ns3:atemp>
            <ns3:hr>120</ns3:hr>
            <ns3:cad>86</ns3:cad>
          </ns3:TrackPointExtension>
        </extensions>
      </trkpt>
      <trkpt lat="49.24415345303714275360107421875" lon="-123.114426098763942718505859375">
        <ele>90.8000030517578125</ele>
        <time>2025-05-04T14:03:59.000Z</time>
        <extensions>
          <ns3:TrackPointExtension>
            <ns3:atemp>14.0</ns3:atemp>
            <ns3:hr>123</ns3:hr>
            <ns3:cad>88</ns3:cad>
          </ns3:TrackPointExtension>
        </extensions>
      </trkpt>
      <trkpt lat="49.24414624460041522979736328125" lon="-123.11446373350918292999267578125">
        <ele>91.40000152587890625</ele>
        <time>2025-05-04T14:04:00.000Z</time>
        <extensions>
          <ns3:TrackPointExtension>
            <ns3:atemp>14.0</ns3:atemp>
            <ns3:hr>122</ns3:hr>
            <ns3:cad>88</ns3:cad>
          </ns3:TrackPointExtension>
        </extensions>
      </trkpt>
      <trkpt lat="49.2441412992775440216064453125" lon="-123.11450329609215259552001953125">
        <ele>91.59999847412109375</ele>
        <time>2025-05-04T14:04:01.000Z</time>
        <extensions>
          <ns3:TrackPointExtension>
            <ns3:atemp>14.0</ns3:atemp>
            <ns3:hr>122</ns3:hr>
            <ns3:cad>87</ns3:cad>
          </ns3:TrackPointExtension>
        </extensions>
      </trkpt>
      <trkpt lat="49.24413132481276988983154296875" lon="-123.11455006711184978485107421875">
        <ele>91.8000030517578125</ele>
        <time>2025-05-04T14:04:02.000Z</time>
        <extensions>
          <ns3:TrackPointExtension>
            <ns3:atemp>14.0</ns3:atemp>
            <ns3:hr>123</ns3:hr>
            <ns3:cad>86</ns3:cad>
          </ns3:TrackPointExtension>
        </extensions>
      </trkpt>
      <trkpt lat="49.2441245354712009429931640625" lon="-123.1145975925028324127197265625">
        <ele>92.0</ele>
        <time>2025-05-04T14:04:03.000Z</time>
        <extensions>
          <ns3:TrackPointExtension>
            <ns3:atemp>14.0</ns3:atemp>
            <ns3:hr>122</ns3:hr>
            <ns3:cad>84</ns3:cad>
          </ns3:TrackPointExtension>
        </extensions>
      </trkpt>
      <trkpt lat="49.24410969950258731842041015625" lon="-123.114647381007671356201171875">
        <ele>92.1999969482421875</ele>
        <time>2025-05-04T14:04:04.000Z</time>
        <extensions>
          <ns3:TrackPointExtension>
            <ns3:atemp>14.0</ns3:atemp>
            <ns3:hr>126</ns3:hr>
            <ns3:cad>91</ns3:cad>
          </ns3:TrackPointExtension>
        </extensions>
      </trkpt>
      <trkpt lat="49.244100563228130340576171875" lon="-123.1146807409822940826416015625">
        <ele>92.59999847412109375</ele>
        <time>2025-05-04T14:04:05.000Z</time>
        <extensions>
          <ns3:TrackPointExtension>
            <ns3:atemp>14.0</ns3:atemp>
            <ns3:hr>123</ns3:hr>
            <ns3:cad>87</ns3:cad>
          </ns3:TrackPointExtension>
        </extensions>
      </trkpt>
      <trkpt lat="49.24408874474465847015380859375" lon="-123.114724494516849517822265625">
        <ele>92.8000030517578125</ele>
        <time>2025-05-04T14:04:06.000Z</time>
        <extensions>
          <ns3:TrackPointExtension>
            <ns3:atemp>14.0</ns3:atemp>
            <ns3:hr>122</ns3:hr>
            <ns3:cad>87</ns3:cad>
          </ns3:TrackPointExtension>
        </extensions>
      </trkpt>
      <trkpt lat="49.2440786026418209075927734375" lon="-123.11476464383304119110107421875">
        <ele>93.1999969482421875</ele>
        <time>2025-05-04T14:04:07.000Z</time>
        <extensions>
          <ns3:TrackPointExtension>
            <ns3:atemp>14.0</ns3:atemp>
            <ns3:hr>119</ns3:hr>
            <ns3:cad>85</ns3:cad>
          </ns3:TrackPointExtension>
        </extensions>
      </trkpt>
      <trkpt lat="49.2440692149102687835693359375" lon="-123.114812672138214111328125">
        <ele>93.40000152587890625</ele>
        <time>2025-05-04T14:04:08.000Z</time>
        <extensions>
          <ns3:TrackPointExtension>
            <ns3:atemp>14.0</ns3:atemp>
            <ns3:hr>120</ns3:hr>
            <ns3:cad>86</ns3:cad>
          </ns3:TrackPointExtension>
        </extensions>
      </trkpt>
      <trkpt lat="49.24405940808355808258056640625" lon="-123.11486053280532360076904296875">
        <ele>93.59999847412109375</ele>
        <time>2025-05-04T14:04:09.000Z</time>
        <extensions>
          <ns3:TrackPointExtension>
            <ns3:atemp>14.0</ns3:atemp>
            <ns3:hr>123</ns3:hr>
            <ns3:cad>88</ns3:cad>
          </ns3:TrackPointExtension>
        </extensions>
      </trkpt>
      <trkpt lat="49.244050271809101104736328125" lon="-123.11490613035857677459716796875">
        <ele>93.8000030517578125</ele>
        <time>2025-05-04T14:04:10.000Z</time>
        <extensions>
          <ns3:TrackPointExtension>
            <ns3:atemp>14.0</ns3:atemp>
            <ns3:hr>123</ns3:hr>
            <ns3:cad>84</ns3:cad>
          </ns3:TrackPointExtension>
        </extensions>
      </trkpt>
      <trkpt lat="49.2440418899059295654296875" lon="-123.114949129521846771240234375">
        <ele>94.0</ele>
        <time>2025-05-04T14:04:11.000Z</time>
        <extensions>
          <ns3:TrackPointExtension>
            <ns3:atemp>14.0</ns3:atemp>
            <ns3:hr>123</ns3:hr>
            <ns3:cad>87</ns3:cad>
          </ns3:TrackPointExtension>
        </extensions>
      </trkpt>
      <trkpt lat="49.24403526820242404937744140625" lon="-123.11499279923737049102783203125">
        <ele>94.40000152587890625</ele>
        <time>2025-05-04T14:04:12.000Z</time>
        <extensions>
          <ns3:TrackPointExtension>
            <ns3:atemp>14.0</ns3:atemp>
            <ns3:hr>123</ns3:hr>
            <ns3:cad>86</ns3:cad>
          </ns3:TrackPointExtension>
        </extensions>
      </trkpt>
      <trkpt lat="49.24402168951928615570068359375" lon="-123.11503688804805278778076171875">
        <ele>94.59999847412109375</ele>
        <time>2025-05-04T14:04:13.000Z</time>
        <extensions>
          <ns3:TrackPointExtension>
            <ns3:atemp>14.0</ns3:atemp>
            <ns3:hr>124</ns3:hr>
            <ns3:cad>85</ns3:cad>
          </ns3:TrackPointExtension>
        </extensions>
      </trkpt>
      <trkpt lat="49.24401230178773403167724609375" lon="-123.11508114449679851531982421875">
        <ele>95.0</ele>
        <time>2025-05-04T14:04:14.000Z</time>
        <extensions>
          <ns3:TrackPointExtension>
            <ns3:atemp>14.0</ns3:atemp>
            <ns3:hr>126</ns3:hr>
            <ns3:cad>86</ns3:cad>
          </ns3:TrackPointExtension>
        </extensions>
      </trkpt>
      <trkpt lat="49.2439974658191204071044921875" lon="-123.1151276640594005584716796875">
        <ele>95.1999969482421875</ele>
        <time>2025-05-04T14:04:15.000Z</time>
        <extensions>
          <ns3:TrackPointExtension>
            <ns3:atemp>14.0</ns3:atemp>
            <ns3:hr>124</ns3:hr>
            <ns3:cad>81</ns3:cad>
          </ns3:TrackPointExtension>
        </extensions>
      </trkpt>
      <trkpt lat="49.24398623406887054443359375" lon="-123.11517007648944854736328125">
        <ele>95.1999969482421875</ele>
        <time>2025-05-04T14:04:16.000Z</time>
        <extensions>
          <ns3:TrackPointExtension>
            <ns3:atemp>14.0</ns3:atemp>
            <ns3:hr>121</ns3:hr>
            <ns3:cad>85</ns3:cad>
          </ns3:TrackPointExtension>
        </extensions>
      </trkpt>
      <trkpt lat="49.243976175785064697265625" lon="-123.1152082979679107666015625">
        <ele>95.0</ele>
        <time>2025-05-04T14:04:17.000Z</time>
        <extensions>
          <ns3:TrackPointExtension>
            <ns3:atemp>14.0</ns3:atemp>
            <ns3:hr>125</ns3:hr>
            <ns3:cad>84</ns3:cad>
          </ns3:TrackPointExtension>
        </extensions>
      </trkpt>
      <trkpt lat="49.24396066926419734954833984375" lon="-123.11525112949311733245849609375">
        <ele>95.0</ele>
        <time>2025-05-04T14:04:18.000Z</time>
        <extensions>
          <ns3:TrackPointExtension>
            <ns3:atemp>14.0</ns3:atemp>
            <ns3:hr>123</ns3:hr>
            <ns3:cad>85</ns3:cad>
          </ns3:TrackPointExtension>
        </extensions>
      </trkpt>
      <trkpt lat="49.24394541420042514801025390625" lon="-123.1152941286563873291015625">
        <ele>95.0</ele>
        <time>2025-05-04T14:04:19.000Z</time>
        <extensions>
          <ns3:TrackPointExtension>
            <ns3:atemp>14.0</ns3:atemp>
            <ns3:hr>125</ns3:hr>
            <ns3:cad>89</ns3:cad>
          </ns3:TrackPointExtension>
        </extensions>
      </trkpt>
      <trkpt lat="49.2439314164221286773681640625" lon="-123.11533126048743724822998046875">
        <ele>95.1999969482421875</ele>
        <time>2025-05-04T14:04:20.000Z</time>
        <extensions>
          <ns3:TrackPointExtension>
            <ns3:atemp>14.0</ns3:atemp>
            <ns3:hr>124</ns3:hr>
            <ns3:cad>84</ns3:cad>
          </ns3:TrackPointExtension>
        </extensions>
      </trkpt>
      <trkpt lat="49.243918173015117645263671875" lon="-123.11537266708910465240478515625">
        <ele>95.1999969482421875</ele>
        <time>2025-05-04T14:04:21.000Z</time>
        <extensions>
          <ns3:TrackPointExtension>
            <ns3:atemp>14.0</ns3:atemp>
            <ns3:hr>125</ns3:hr>
            <ns3:cad>85</ns3:cad>
          </ns3:TrackPointExtension>
        </extensions>
      </trkpt>
      <trkpt lat="49.24390786327421665191650390625" lon="-123.115417174994945526123046875">
        <ele>95.1999969482421875</ele>
        <time>2025-05-04T14:04:22.000Z</time>
        <extensions>
          <ns3:TrackPointExtension>
            <ns3:atemp>14.0</ns3:atemp>
            <ns3:hr>125</ns3:hr>
            <ns3:cad>89</ns3:cad>
          </ns3:TrackPointExtension>
        </extensions>
      </trkpt>
      <trkpt lat="49.24389612860977649688720703125" lon="-123.11545883305370807647705078125">
        <ele>95.1999969482421875</ele>
        <time>2025-05-04T14:04:23.000Z</time>
        <extensions>
          <ns3:TrackPointExtension>
            <ns3:atemp>14.0</ns3:atemp>
            <ns3:hr>124</ns3:hr>
            <ns3:cad>87</ns3:cad>
          </ns3:TrackPointExtension>
        </extensions>
      </trkpt>
      <trkpt lat="49.2438807897269725799560546875" lon="-123.11549588106572628021240234375">
        <ele>95.0</ele>
        <time>2025-05-04T14:04:24.000Z</time>
        <extensions>
          <ns3:TrackPointExtension>
            <ns3:atemp>14.0</ns3:atemp>
            <ns3:hr>125</ns3:hr>
            <ns3:cad>86</ns3:cad>
          </ns3:TrackPointExtension>
        </extensions>
      </trkpt>
      <trkpt lat="49.2438616789877414703369140625" lon="-123.115534521639347076416015625">
        <ele>95.0</ele>
        <time>2025-05-04T14:04:25.000Z</time>
        <extensions>
          <ns3:TrackPointExtension>
            <ns3:atemp>14.0</ns3:atemp>
            <ns3:hr>124</ns3:hr>
            <ns3:cad>84</ns3:cad>
          </ns3:TrackPointExtension>
        </extensions>
      </trkpt>
      <trkpt lat="49.24384432844817638397216796875" lon="-123.11557332985103130340576171875">
        <ele>95.1999969482421875</ele>
        <time>2025-05-04T14:04:26.000Z</time>
        <extensions>
          <ns3:TrackPointExtension>
            <ns3:atemp>14.0</ns3:atemp>
            <ns3:hr>123</ns3:hr>
            <ns3:cad>85</ns3:cad>
          </ns3:TrackPointExtension>
        </extensions>
      </trkpt>
      <trkpt lat="49.243832342326641082763671875" lon="-123.11561892740428447723388671875">
        <ele>95.40000152587890625</ele>
        <time>2025-05-04T14:04:27.000Z</time>
        <extensions>
          <ns3:TrackPointExtension>
            <ns3:atemp>14.0</ns3:atemp>
            <ns3:hr>123</ns3:hr>
            <ns3:cad>88</ns3:cad>
          </ns3:TrackPointExtension>
        </extensions>
      </trkpt>
      <trkpt lat="49.2438180930912494659423828125" lon="-123.115651868283748626708984375">
        <ele>95.8000030517578125</ele>
        <time>2025-05-04T14:04:28.000Z</time>
        <extensions>
          <ns3:TrackPointExtension>
            <ns3:atemp>14.0</ns3:atemp>
            <ns3:hr>126</ns3:hr>
            <ns3:cad>87</ns3:cad>
          </ns3:TrackPointExtension>
        </extensions>
      </trkpt>
      <trkpt lat="49.2438006587326526641845703125" lon="-123.11567969620227813720703125">
        <ele>96.0</ele>
        <time>2025-05-04T14:04:29.000Z</time>
        <extensions>
          <ns3:TrackPointExtension>
            <ns3:atemp>14.0</ns3:atemp>
            <ns3:hr>125</ns3:hr>
            <ns3:cad>86</ns3:cad>
          </ns3:TrackPointExtension>
        </extensions>
      </trkpt>
      <trkpt lat="49.2437812127172946929931640625" lon="-123.1157127209007740020751953125">
        <ele>96.1999969482421875</ele>
        <time>2025-05-04T14:04:30.000Z</time>
        <extensions>
          <ns3:TrackPointExtension>
            <ns3:atemp>14.0</ns3:atemp>
            <ns3:hr>123</ns3:hr>
            <ns3:cad>86</ns3:cad>
          </ns3:TrackPointExtension>
        </extensions>
      </trkpt>
      <trkpt lat="49.24376520328223705291748046875" lon="-123.11575613915920257568359375">
        <ele>96.59999847412109375</ele>
        <time>2025-05-04T14:04:31.000Z</time>
        <extensions>
          <ns3:TrackPointExtension>
            <ns3:atemp>14.0</ns3:atemp>
            <ns3:hr>124</ns3:hr>
            <ns3:cad>88</ns3:cad>
          </ns3:TrackPointExtension>
        </extensions>
      </trkpt>
      <trkpt lat="49.2437446676194667816162109375" lon="-123.11578958295285701751708984375">
        <ele>96.8000030517578125</ele>
        <time>2025-05-04T14:04:32.000Z</time>
        <extensions>
          <ns3:TrackPointExtension>
            <ns3:atemp>14.0</ns3:atemp>
            <ns3:hr>124</ns3:hr>
            <ns3:cad>87</ns3:cad>
          </ns3:TrackPointExtension>
        </extensions>
      </trkpt>
      <trkpt lat="49.24373050220310688018798828125" lon="-123.11582797206938266754150390625">
        <ele>96.8000030517578125</ele>
        <time>2025-05-04T14:04:33.000Z</time>
        <extensions>
          <ns3:TrackPointExtension>
            <ns3:atemp>14.0</ns3:atemp>
            <ns3:hr>126</ns3:hr>
            <ns3:cad>86</ns3:cad>
          </ns3:TrackPointExtension>
        </extensions>
      </trkpt>
      <trkpt lat="49.243715666234493255615234375" lon="-123.11586602590978145599365234375">
        <ele>97.1999969482421875</ele>
        <time>2025-05-04T14:04:34.000Z</time>
        <extensions>
          <ns3:TrackPointExtension>
            <ns3:atemp>14.0</ns3:atemp>
            <ns3:hr>124</ns3:hr>
            <ns3:cad>88</ns3:cad>
          </ns3:TrackPointExtension>
        </extensions>
      </trkpt>
      <trkpt lat="49.2436994053423404693603515625" lon="-123.115899302065372467041015625">
        <ele>97.40000152587890625</ele>
        <time>2025-05-04T14:04:35.000Z</time>
        <extensions>
          <ns3:TrackPointExtension>
            <ns3:atemp>14.0</ns3:atemp>
            <ns3:hr>127</ns3:hr>
            <ns3:cad>84</ns3:cad>
          </ns3:TrackPointExtension>
        </extensions>
      </trkpt>
      <trkpt lat="49.24368658103048801422119140625" lon="-123.1159299798309803009033203125">
        <ele>97.59999847412109375</ele>
        <time>2025-05-04T14:04:36.000Z</time>
        <extensions>
          <ns3:TrackPointExtension>
            <ns3:atemp>14.0</ns3:atemp>
            <ns3:hr>128</ns3:hr>
            <ns3:cad>86</ns3:cad>
          </ns3:TrackPointExtension>
        </extensions>
      </trkpt>
      <trkpt lat="49.24366897903382778167724609375" lon="-123.11596945859491825103759765625">
        <ele>98.0</ele>
        <time>2025-05-04T14:04:37.000Z</time>
        <extensions>
          <ns3:TrackPointExtension>
            <ns3:atemp>14.0</ns3:atemp>
            <ns3:hr>126</ns3:hr>
            <ns3:cad>86</ns3:cad>
          </ns3:TrackPointExtension>
        </extensions>
      </trkpt>
      <trkpt lat="49.2436516284942626953125" lon="-123.1160117872059345245361328125">
        <ele>98.1999969482421875</ele>
        <time>2025-05-04T14:04:38.000Z</time>
        <extensions>
          <ns3:TrackPointExtension>
            <ns3:atemp>14.0</ns3:atemp>
            <ns3:hr>126</ns3:hr>
            <ns3:cad>84</ns3:cad>
          </ns3:TrackPointExtension>
        </extensions>
      </trkpt>
      <trkpt lat="49.24363377504050731658935546875" lon="-123.11604539863765239715576171875">
        <ele>98.40000152587890625</ele>
        <time>2025-05-04T14:04:39.000Z</time>
        <extensions>
          <ns3:TrackPointExtension>
            <ns3:atemp>14.0</ns3:atemp>
            <ns3:hr>127</ns3:hr>
            <ns3:cad>84</ns3:cad>
          </ns3:TrackPointExtension>
        </extensions>
      </trkpt>
      <trkpt lat="49.243611060082912445068359375" lon="-123.1160825304687023162841796875">
        <ele>98.1999969482421875</ele>
        <time>2025-05-04T14:04:40.000Z</time>
        <extensions>
          <ns3:TrackPointExtension>
            <ns3:atemp>14.0</ns3:atemp>
            <ns3:hr>126</ns3:hr>
            <ns3:cad>84</ns3:cad>
          </ns3:TrackPointExtension>
        </extensions>
      </trkpt>
      <trkpt lat="49.24358800984919071197509765625" lon="-123.1161163933575153350830078125">
        <ele>98.40000152587890625</ele>
        <time>2025-05-04T14:04:41.000Z</time>
        <extensions>
          <ns3:TrackPointExtension>
            <ns3:atemp>14.0</ns3:atemp>
            <ns3:hr>126</ns3:hr>
            <ns3:cad>86</ns3:cad>
          </ns3:TrackPointExtension>
        </extensions>
      </trkpt>
      <trkpt lat="49.24357007257640361785888671875" lon="-123.116147406399250030517578125">
        <ele>98.1999969482421875</ele>
        <time>2025-05-04T14:04:42.000Z</time>
        <extensions>
          <ns3:TrackPointExtension>
            <ns3:atemp>14.0</ns3:atemp>
            <ns3:hr>127</ns3:hr>
            <ns3:cad>84</ns3:cad>
          </ns3:TrackPointExtension>
        </extensions>
      </trkpt>
      <trkpt lat="49.24355766735970973968505859375" lon="-123.11618269421160221099853515625">
        <ele>98.1999969482421875</ele>
        <time>2025-05-04T14:04:43.000Z</time>
        <extensions>
          <ns3:TrackPointExtension>
            <ns3:atemp>14.0</ns3:atemp>
            <ns3:hr>126</ns3:hr>
            <ns3:cad>85</ns3:cad>
          </ns3:TrackPointExtension>
        </extensions>
      </trkpt>
      <trkpt lat="49.2435401491820812225341796875" lon="-123.1162221729755401611328125">
        <ele>98.1999969482421875</ele>
        <time>2025-05-04T14:04:44.000Z</time>
        <extensions>
          <ns3:TrackPointExtension>
            <ns3:atemp>14.0</ns3:atemp>
            <ns3:hr>126</ns3:hr>
            <ns3:cad>84</ns3:cad>
          </ns3:TrackPointExtension>
        </extensions>
      </trkpt>
      <trkpt lat="49.243517853319644927978515625" lon="-123.116256035864353179931640625">
        <ele>98.0</ele>
        <time>2025-05-04T14:04:45.000Z</time>
        <extensions>
          <ns3:TrackPointExtension>
            <ns3:atemp>14.0</ns3:atemp>
            <ns3:hr>128</ns3:hr>
            <ns3:cad>85</ns3:cad>
          </ns3:TrackPointExtension>
        </extensions>
      </trkpt>
      <trkpt lat="49.24349547363817691802978515625" lon="-123.11629735864698886871337890625">
        <ele>98.0</ele>
        <time>2025-05-04T14:04:46.000Z</time>
        <extensions>
          <ns3:TrackPointExtension>
            <ns3:atemp>14.0</ns3:atemp>
            <ns3:hr>123</ns3:hr>
            <ns3:cad>83</ns3:cad>
          </ns3:TrackPointExtension>
        </extensions>
      </trkpt>
      <trkpt lat="49.2434787936508655548095703125" lon="-123.11633893288671970367431640625">
        <ele>98.1999969482421875</ele>
        <time>2025-05-04T14:04:47.000Z</time>
        <extensions>
          <ns3:TrackPointExtension>
            <ns3:atemp>14.0</ns3:atemp>
            <ns3:hr>128</ns3:hr>
            <ns3:cad>86</ns3:cad>
          </ns3:TrackPointExtension>
        </extensions>
      </trkpt>
      <trkpt lat="49.24345691688358783721923828125" lon="-123.1163745559751987457275390625">
        <ele>98.1999969482421875</ele>
        <time>2025-05-04T14:04:48.000Z</time>
        <extensions>
          <ns3:TrackPointExtension>
            <ns3:atemp>14.0</ns3:atemp>
            <ns3:hr>128</ns3:hr>
            <ns3:cad>87</ns3:cad>
          </ns3:TrackPointExtension>
        </extensions>
      </trkpt>
      <trkpt lat="49.24343797378242015838623046875" lon="-123.11641638167202472686767578125">
        <ele>98.0</ele>
        <time>2025-05-04T14:04:49.000Z</time>
        <extensions>
          <ns3:TrackPointExtension>
            <ns3:atemp>14.0</ns3:atemp>
            <ns3:hr>126</ns3:hr>
            <ns3:cad>87</ns3:cad>
          </ns3:TrackPointExtension>
        </extensions>
      </trkpt>
      <trkpt lat="49.24341836012899875640869140625" lon="-123.116449825465679168701171875">
        <ele>98.0</ele>
        <time>2025-05-04T14:04:50.000Z</time>
        <extensions>
          <ns3:TrackPointExtension>
            <ns3:atemp>14.0</ns3:atemp>
            <ns3:hr>126</ns3:hr>
            <ns3:cad>85</ns3:cad>
          </ns3:TrackPointExtension>
        </extensions>
      </trkpt>
      <trkpt lat="49.24340310506522655487060546875" lon="-123.1164841912686824798583984375">
        <ele>98.0</ele>
        <time>2025-05-04T14:04:51.000Z</time>
        <extensions>
          <ns3:TrackPointExtension>
            <ns3:atemp>14.0</ns3:atemp>
            <ns3:hr>127</ns3:hr>
            <ns3:cad>86</ns3:cad>
          </ns3:TrackPointExtension>
        </extensions>
      </trkpt>
      <trkpt lat="49.24338516779243946075439453125" lon="-123.11651612631976604461669921875">
        <ele>98.0</ele>
        <time>2025-05-04T14:04:52.000Z</time>
        <extensions>
          <ns3:TrackPointExtension>
            <ns3:atemp>14.0</ns3:atemp>
            <ns3:hr>124</ns3:hr>
            <ns3:cad>84</ns3:cad>
          </ns3:TrackPointExtension>
        </extensions>
      </trkpt>
      <trkpt lat="49.2433668114244937896728515625" lon="-123.11655099503695964813232421875">
        <ele>98.0</ele>
        <time>2025-05-04T14:04:53.000Z</time>
        <extensions>
          <ns3:TrackPointExtension>
            <ns3:atemp>14.0</ns3:atemp>
            <ns3:hr>129</ns3:hr>
            <ns3:cad>86</ns3:cad>
          </ns3:TrackPointExtension>
        </extensions>
      </trkpt>
      <trkpt lat="49.24335214309394359588623046875" lon="-123.11657714657485485076904296875">
        <ele>98.0</ele>
        <time>2025-05-04T14:04:54.000Z</time>
        <extensions>
          <ns3:TrackPointExtension>
            <ns3:atemp>14.0</ns3:atemp>
            <ns3:hr>125</ns3:hr>
            <ns3:cad>85</ns3:cad>
          </ns3:TrackPointExtension>
        </extensions>
      </trkpt>
      <trkpt lat="49.24333713948726654052734375" lon="-123.11662106774747371673583984375">
        <ele>98.0</ele>
        <time>2025-05-04T14:04:55.000Z</time>
        <extensions>
          <ns3:TrackPointExtension>
            <ns3:atemp>14.0</ns3:atemp>
            <ns3:hr>125</ns3:hr>
            <ns3:cad>86</ns3:cad>
          </ns3:TrackPointExtension>
        </extensions>
      </trkpt>
      <trkpt lat="49.24331878311932086944580078125" lon="-123.11665677465498447418212890625">
        <ele>97.8000030517578125</ele>
        <time>2025-05-04T14:04:56.000Z</time>
        <extensions>
          <ns3:TrackPointExtension>
            <ns3:atemp>14.0</ns3:atemp>
            <ns3:hr>129</ns3:hr>
            <ns3:cad>83</ns3:cad>
          </ns3:TrackPointExtension>
        </extensions>
      </trkpt>
      <trkpt lat="49.24329967238008975982666015625" lon="-123.116695247590541839599609375">
        <ele>98.0</ele>
        <time>2025-05-04T14:04:57.000Z</time>
        <extensions>
          <ns3:TrackPointExtension>
            <ns3:atemp>14.0</ns3:atemp>
            <ns3:hr>126</ns3:hr>
            <ns3:cad>86</ns3:cad>
          </ns3:TrackPointExtension>
        </extensions>
      </trkpt>
      <trkpt lat="49.24328475259244441986083984375" lon="-123.1167299486696720123291015625">
        <ele>98.0</ele>
        <time>2025-05-04T14:04:58.000Z</time>
        <extensions>
          <ns3:TrackPointExtension>
            <ns3:atemp>14.0</ns3:atemp>
            <ns3:hr>131</ns3:hr>
            <ns3:cad>84</ns3:cad>
          </ns3:TrackPointExtension>
        </extensions>
      </trkpt>
      <trkpt lat="49.24329346977174282073974609375" lon="-123.11676171608269214630126953125">
        <ele>98.0</ele>
        <time>2025-05-04T14:04:59.000Z</time>
        <extensions>
          <ns3:TrackPointExtension>
            <ns3:atemp>14.0</ns3:atemp>
            <ns3:hr>130</ns3:hr>
            <ns3:cad>86</ns3:cad>
          </ns3:TrackPointExtension>
        </extensions>
      </trkpt>
      <trkpt lat="49.2433150112628936767578125" lon="-123.11679708771407604217529296875">
        <ele>97.59999847412109375</ele>
        <time>2025-05-04T14:05:00.000Z</time>
        <extensions>
          <ns3:TrackPointExtension>
            <ns3:atemp>14.0</ns3:atemp>
            <ns3:hr>129</ns3:hr>
            <ns3:cad>89</ns3:cad>
          </ns3:TrackPointExtension>
        </extensions>
      </trkpt>
      <trkpt lat="49.2433386482298374176025390625" lon="-123.11683061532676219940185546875">
        <ele>97.59999847412109375</ele>
        <time>2025-05-04T14:05:01.000Z</time>
        <extensions>
          <ns3:TrackPointExtension>
            <ns3:atemp>14.0</ns3:atemp>
            <ns3:hr>129</ns3:hr>
            <ns3:cad>85</ns3:cad>
          </ns3:TrackPointExtension>
        </extensions>
      </trkpt>
      <trkpt lat="49.24335733987390995025634765625" lon="-123.1168623827397823333740234375">
        <ele>97.40000152587890625</ele>
        <time>2025-05-04T14:05:02.000Z</time>
        <extensions>
          <ns3:TrackPointExtension>
            <ns3:atemp>14.0</ns3:atemp>
            <ns3:hr>127</ns3:hr>
            <ns3:cad>84</ns3:cad>
          </ns3:TrackPointExtension>
        </extensions>
      </trkpt>
      <trkpt lat="49.24337603151798248291015625" lon="-123.11689197085797786712646484375">
        <ele>97.1999969482421875</ele>
        <time>2025-05-04T14:05:03.000Z</time>
        <extensions>
          <ns3:TrackPointExtension>
            <ns3:atemp>14.0</ns3:atemp>
            <ns3:hr>127</ns3:hr>
            <ns3:cad>84</ns3:cad>
          </ns3:TrackPointExtension>
        </extensions>
      </trkpt>
      <trkpt lat="49.24339908175170421600341796875" lon="-123.1169180385768413543701171875">
        <ele>96.8000030517578125</ele>
        <time>2025-05-04T14:05:04.000Z</time>
        <extensions>
          <ns3:TrackPointExtension>
            <ns3:atemp>14.0</ns3:atemp>
            <ns3:hr>128</ns3:hr>
            <ns3:cad>87</ns3:cad>
          </ns3:TrackPointExtension>
        </extensions>
      </trkpt>
      <trkpt lat="49.24342171289026737213134765625" lon="-123.11694745905697345733642578125">
        <ele>96.8000030517578125</ele>
        <time>2025-05-04T14:05:05.000Z</time>
        <extensions>
          <ns3:TrackPointExtension>
            <ns3:atemp>14.0</ns3:atemp>
            <ns3:hr>127</ns3:hr>
            <ns3:cad>85</ns3:cad>
          </ns3:TrackPointExtension>
        </extensions>
      </trkpt>
      <trkpt lat="49.24344384111464023590087890625" lon="-123.11698182485997676849365234375">
        <ele>96.40000152587890625</ele>
        <time>2025-05-04T14:05:06.000Z</time>
        <extensions>
          <ns3:TrackPointExtension>
            <ns3:atemp>14.0</ns3:atemp>
            <ns3:hr>132</ns3:hr>
            <ns3:cad>85</ns3:cad>
          </ns3:TrackPointExtension>
        </extensions>
      </trkpt>
      <trkpt lat="49.24346714280545711517333984375" lon="-123.1170095689594745635986328125">
        <ele>96.1999969482421875</ele>
        <time>2025-05-04T14:05:07.000Z</time>
        <extensions>
          <ns3:TrackPointExtension>
            <ns3:atemp>14.0</ns3:atemp>
            <ns3:hr>128</ns3:hr>
            <ns3:cad>86</ns3:cad>
          </ns3:TrackPointExtension>
        </extensions>
      </trkpt>
      <trkpt lat="49.24348977394402027130126953125" lon="-123.117043934762477874755859375">
        <ele>96.0</ele>
        <time>2025-05-04T14:05:08.000Z</time>
        <extensions>
          <ns3:TrackPointExtension>
            <ns3:atemp>14.0</ns3:atemp>
            <ns3:hr>129</ns3:hr>
            <ns3:cad>83</ns3:cad>
          </ns3:TrackPointExtension>
        </extensions>
      </trkpt>
      <trkpt lat="49.24350821413099765777587890625" lon="-123.1170742772519588470458984375">
        <ele>95.8000030517578125</ele>
        <time>2025-05-04T14:05:09.000Z</time>
        <extensions>
          <ns3:TrackPointExtension>
            <ns3:atemp>14.0</ns3:atemp>
            <ns3:hr>128</ns3:hr>
            <ns3:cad>85</ns3:cad>
          </ns3:TrackPointExtension>
        </extensions>
      </trkpt>
      <trkpt lat="49.24352732487022876739501953125" lon="-123.11710068024694919586181640625">
        <ele>95.8000030517578125</ele>
        <time>2025-05-04T14:05:10.000Z</time>
        <extensions>
          <ns3:TrackPointExtension>
            <ns3:atemp>14.0</ns3:atemp>
            <ns3:hr>127</ns3:hr>
            <ns3:cad>87</ns3:cad>
          </ns3:TrackPointExtension>
        </extensions>
      </trkpt>
      <trkpt lat="49.2435483634471893310546875" lon="-123.11712699942290782928466796875">
        <ele>95.40000152587890625</ele>
        <time>2025-05-04T14:05:11.000Z</time>
        <extensions>
          <ns3:TrackPointExtension>
            <ns3:atemp>14.0</ns3:atemp>
            <ns3:hr>129</ns3:hr>
            <ns3:cad>86</ns3:cad>
          </ns3:TrackPointExtension>
        </extensions>
      </trkpt>
      <trkpt lat="49.2435679771006107330322265625" lon="-123.11715801246464252471923828125">
        <ele>95.40000152587890625</ele>
        <time>2025-05-04T14:05:12.000Z</time>
        <extensions>
          <ns3:TrackPointExtension>
            <ns3:atemp>14.0</ns3:atemp>
            <ns3:hr>125</ns3:hr>
            <ns3:cad>88</ns3:cad>
          </ns3:TrackPointExtension>
        </extensions>
      </trkpt>
      <trkpt lat="49.24358666874468326568603515625" lon="-123.1171876005828380584716796875">
        <ele>95.1999969482421875</ele>
        <time>2025-05-04T14:05:13.000Z</time>
        <extensions>
          <ns3:TrackPointExtension>
            <ns3:atemp>14.0</ns3:atemp>
            <ns3:hr>128</ns3:hr>
            <ns3:cad>86</ns3:cad>
          </ns3:TrackPointExtension>
        </extensions>
      </trkpt>
      <trkpt lat="49.24360846169292926788330078125" lon="-123.11722330749034881591796875">
        <ele>95.0</ele>
        <time>2025-05-04T14:05:14.000Z</time>
        <extensions>
          <ns3:TrackPointExtension>
            <ns3:atemp>14.0</ns3:atemp>
            <ns3:hr>132</ns3:hr>
            <ns3:cad>86</ns3:cad>
          </ns3:TrackPointExtension>
        </extensions>
      </trkpt>
      <trkpt lat="49.243626482784748077392578125" lon="-123.1172600202262401580810546875">
        <ele>94.8000030517578125</ele>
        <time>2025-05-04T14:05:15.000Z</time>
        <extensions>
          <ns3:TrackPointExtension>
            <ns3:atemp>14.0</ns3:atemp>
            <ns3:hr>128</ns3:hr>
            <ns3:cad>86</ns3:cad>
          </ns3:TrackPointExtension>
        </extensions>
      </trkpt>
      <trkpt lat="49.2436457611620426177978515625" lon="-123.1172895245254039764404296875">
        <ele>94.8000030517578125</ele>
        <time>2025-05-04T14:05:16.000Z</time>
        <extensions>
          <ns3:TrackPointExtension>
            <ns3:atemp>14.0</ns3:atemp>
            <ns3:hr>129</ns3:hr>
            <ns3:cad>87</ns3:cad>
          </ns3:TrackPointExtension>
        </extensions>
      </trkpt>
      <trkpt lat="49.2436705715954303741455078125" lon="-123.117320202291011810302734375">
        <ele>94.59999847412109375</ele>
        <time>2025-05-04T14:05:17.000Z</time>
        <extensions>
          <ns3:TrackPointExtension>
            <ns3:atemp>14.0</ns3:atemp>
            <ns3:hr>128</ns3:hr>
            <ns3:cad>86</ns3:cad>
          </ns3:TrackPointExtension>
        </extensions>
      </trkpt>
      <trkpt lat="49.24369630403816699981689453125" lon="-123.11734668910503387451171875">
        <ele>94.40000152587890625</ele>
        <time>2025-05-04T14:05:18.000Z</time>
        <extensions>
          <ns3:TrackPointExtension>
            <ns3:atemp>14.0</ns3:atemp>
            <ns3:hr>128</ns3:hr>
            <ns3:cad>85</ns3:cad>
          </ns3:TrackPointExtension>
        </extensions>
      </trkpt>
      <trkpt lat="49.24371859990060329437255859375" lon="-123.117367811501026153564453125">
        <ele>94.1999969482421875</ele>
        <time>2025-05-04T14:05:19.000Z</time>
        <extensions>
          <ns3:TrackPointExtension>
            <ns3:atemp>14.0</ns3:atemp>
            <ns3:hr>127</ns3:hr>
            <ns3:cad>84</ns3:cad>
          </ns3:TrackPointExtension>
        </extensions>
      </trkpt>
      <trkpt lat="49.243741147220134735107421875" lon="-123.1173948012292385101318359375">
        <ele>94.0</ele>
        <time>2025-05-04T14:05:20.000Z</time>
        <extensions>
          <ns3:TrackPointExtension>
            <ns3:atemp>14.0</ns3:atemp>
            <ns3:hr>128</ns3:hr>
            <ns3:cad>87</ns3:cad>
          </ns3:TrackPointExtension>
        </extensions>
      </trkpt>
      <trkpt lat="49.24376335926353931427001953125" lon="-123.11742179095745086669921875">
        <ele>94.0</ele>
        <time>2025-05-04T14:05:21.000Z</time>
        <extensions>
          <ns3:TrackPointExtension>
            <ns3:atemp>14.0</ns3:atemp>
            <ns3:hr>131</ns3:hr>
            <ns3:cad>86</ns3:cad>
          </ns3:TrackPointExtension>
        </extensions>
      </trkpt>
      <trkpt lat="49.24375397153198719024658203125" lon="-123.11745221726596355438232421875">
        <ele>93.8000030517578125</ele>
        <time>2025-05-04T14:05:22.000Z</time>
        <extensions>
          <ns3:TrackPointExtension>
            <ns3:atemp>14.0</ns3:atemp>
            <ns3:hr>127</ns3:hr>
            <ns3:cad>87</ns3:cad>
          </ns3:TrackPointExtension>
        </extensions>
      </trkpt>
      <trkpt lat="49.24373209476470947265625" lon="-123.11748708598315715789794921875">
        <ele>93.8000030517578125</ele>
        <time>2025-05-04T14:05:23.000Z</time>
        <extensions>
          <ns3:TrackPointExtension>
            <ns3:atemp>14.0</ns3:atemp>
            <ns3:hr>130</ns3:hr>
            <ns3:cad>86</ns3:cad>
          </ns3:TrackPointExtension>
        </extensions>
      </trkpt>
      <trkpt lat="49.24371063709259033203125" lon="-123.1175155006349086761474609375">
        <ele>93.59999847412109375</ele>
        <time>2025-05-04T14:05:24.000Z</time>
        <extensions>
          <ns3:TrackPointExtension>
            <ns3:atemp>14.0</ns3:atemp>
            <ns3:hr>129</ns3:hr>
            <ns3:cad>85</ns3:cad>
          </ns3:TrackPointExtension>
        </extensions>
      </trkpt>
      <trkpt lat="49.24369010142982006072998046875" lon="-123.11755053699016571044921875">
        <ele>93.40000152587890625</ele>
        <time>2025-05-04T14:05:25.000Z</time>
        <extensions>
          <ns3:TrackPointExtension>
            <ns3:atemp>14.0</ns3:atemp>
            <ns3:hr>128</ns3:hr>
            <ns3:cad>84</ns3:cad>
          </ns3:TrackPointExtension>
        </extensions>
      </trkpt>
      <trkpt lat="49.24367065541446208953857421875" lon="-123.11757828108966350555419921875">
        <ele>93.1999969482421875</ele>
        <time>2025-05-04T14:05:26.000Z</time>
        <extensions>
          <ns3:TrackPointExtension>
            <ns3:atemp>14.0</ns3:atemp>
            <ns3:hr>131</ns3:hr>
            <ns3:cad>86</ns3:cad>
          </ns3:TrackPointExtension>
        </extensions>
      </trkpt>
      <trkpt lat="49.243655316531658172607421875" lon="-123.11761298216879367828369140625">
        <ele>93.1999969482421875</ele>
        <time>2025-05-04T14:05:27.000Z</time>
        <extensions>
          <ns3:TrackPointExtension>
            <ns3:atemp>14.0</ns3:atemp>
            <ns3:hr>128</ns3:hr>
            <ns3:cad>86</ns3:cad>
          </ns3:TrackPointExtension>
        </extensions>
      </trkpt>
      <trkpt lat="49.24363327212631702423095703125" lon="-123.117649443447589874267578125">
        <ele>93.0</ele>
        <time>2025-05-04T14:05:28.000Z</time>
        <extensions>
          <ns3:TrackPointExtension>
            <ns3:atemp>14.0</ns3:atemp>
            <ns3:hr>130</ns3:hr>
            <ns3:cad>85</ns3:cad>
          </ns3:TrackPointExtension>
        </extensions>
      </trkpt>
      <trkpt lat="49.243610389530658721923828125" lon="-123.11768171377480030059814453125">
        <ele>92.8000030517578125</ele>
        <time>2025-05-04T14:05:29.000Z</time>
        <extensions>
          <ns3:TrackPointExtension>
            <ns3:atemp>14.0</ns3:atemp>
            <ns3:hr>131</ns3:hr>
            <ns3:cad>84</ns3:cad>
          </ns3:TrackPointExtension>
        </extensions>
      </trkpt>
      <trkpt lat="49.24358926713466644287109375" lon="-123.117706775665283203125">
        <ele>92.8000030517578125</ele>
        <time>2025-05-04T14:05:30.000Z</time>
        <extensions>
          <ns3:TrackPointExtension>
            <ns3:atemp>14.0</ns3:atemp>
            <ns3:hr>130</ns3:hr>
            <ns3:cad>91</ns3:cad>
          </ns3:TrackPointExtension>
        </extensions>
      </trkpt>
      <trkpt lat="49.2435703240334987640380859375" lon="-123.11773368157446384429931640625">
        <ele>92.8000030517578125</ele>
        <time>2025-05-04T14:05:31.000Z</time>
        <extensions>
          <ns3:TrackPointExtension>
            <ns3:atemp>14.0</ns3:atemp>
            <ns3:hr>131</ns3:hr>
            <ns3:cad>86</ns3:cad>
          </ns3:TrackPointExtension>
        </extensions>
      </trkpt>
      <trkpt lat="49.243548698723316192626953125" lon="-123.1177582405507564544677734375">
        <ele>92.8000030517578125</ele>
        <time>2025-05-04T14:05:32.000Z</time>
        <extensions>
          <ns3:TrackPointExtension>
            <ns3:atemp>14.0</ns3:atemp>
            <ns3:hr>132</ns3:hr>
            <ns3:cad>85</ns3:cad>
          </ns3:TrackPointExtension>
        </extensions>
      </trkpt>
      <trkpt lat="49.24352581612765789031982421875" lon="-123.11779302544891834259033203125">
        <ele>92.8000030517578125</ele>
        <time>2025-05-04T14:05:33.000Z</time>
        <extensions>
          <ns3:TrackPointExtension>
            <ns3:atemp>14.0</ns3:atemp>
            <ns3:hr>132</ns3:hr>
            <ns3:cad>85</ns3:cad>
          </ns3:TrackPointExtension>
        </extensions>
      </trkpt>
      <trkpt lat="49.24350100569427013397216796875" lon="-123.11781448312103748321533203125">
        <ele>92.8000030517578125</ele>
        <time>2025-05-04T14:05:34.000Z</time>
        <extensions>
          <ns3:TrackPointExtension>
            <ns3:atemp>14.0</ns3:atemp>
            <ns3:hr>129</ns3:hr>
            <ns3:cad>85</ns3:cad>
          </ns3:TrackPointExtension>
        </extensions>
      </trkpt>
      <trkpt lat="49.24348005093634128570556640625" lon="-123.11784516088664531707763671875">
        <ele>92.8000030517578125</ele>
        <time>2025-05-04T14:05:35.000Z</time>
        <extensions>
          <ns3:TrackPointExtension>
            <ns3:atemp>14.0</ns3:atemp>
            <ns3:hr>131</ns3:hr>
            <ns3:cad>87</ns3:cad>
          </ns3:TrackPointExtension>
        </extensions>
      </trkpt>
      <trkpt lat="49.24346127547323703765869140625" lon="-123.11787550337612628936767578125">
        <ele>93.0</ele>
        <time>2025-05-04T14:05:36.000Z</time>
        <extensions>
          <ns3:TrackPointExtension>
            <ns3:atemp>14.0</ns3:atemp>
            <ns3:hr>130</ns3:hr>
            <ns3:cad>85</ns3:cad>
          </ns3:TrackPointExtension>
        </extensions>
      </trkpt>
      <trkpt lat="49.2434365488588809967041015625" lon="-123.11790249310433864593505859375">
        <ele>92.8000030517578125</ele>
        <time>2025-05-04T14:05:37.000Z</time>
        <extensions>
          <ns3:TrackPointExtension>
            <ns3:atemp>14.0</ns3:atemp>
            <ns3:hr>127</ns3:hr>
            <ns3:cad>87</ns3:cad>
          </ns3:TrackPointExtension>
        </extensions>
      </trkpt>
      <trkpt lat="49.2434140853583812713623046875" lon="-123.11792495660483837127685546875">
        <ele>92.8000030517578125</ele>
        <time>2025-05-04T14:05:38.000Z</time>
        <extensions>
          <ns3:TrackPointExtension>
            <ns3:atemp>14.0</ns3:atemp>
            <ns3:hr>133</ns3:hr>
            <ns3:cad>85</ns3:cad>
          </ns3:TrackPointExtension>
        </extensions>
      </trkpt>
      <trkpt lat="49.24339371733367443084716796875" lon="-123.11795144341886043548583984375">
        <ele>93.0</ele>
        <time>2025-05-04T14:05:39.000Z</time>
        <extensions>
          <ns3:TrackPointExtension>
            <ns3:atemp>14.0</ns3:atemp>
            <ns3:hr>131</ns3:hr>
            <ns3:cad>86</ns3:cad>
          </ns3:TrackPointExtension>
        </extensions>
      </trkpt>
      <trkpt lat="49.2433721758425235748291015625" lon="-123.11797843314707279205322265625">
        <ele>92.8000030517578125</ele>
        <time>2025-05-04T14:05:40.000Z</time>
        <extensions>
          <ns3:TrackPointExtension>
            <ns3:atemp>14.0</ns3:atemp>
            <ns3:hr>130</ns3:hr>
            <ns3:cad>86</ns3:cad>
          </ns3:TrackPointExtension>
        </extensions>
      </trkpt>
      <trkpt lat="49.24335029907524585723876953125" lon="-123.11799821443855762481689453125">
        <ele>93.0</ele>
        <time>2025-05-04T14:05:41.000Z</time>
        <extensions>
          <ns3:TrackPointExtension>
            <ns3:atemp>14.0</ns3:atemp>
            <ns3:hr>131</ns3:hr>
            <ns3:cad>88</ns3:cad>
          </ns3:TrackPointExtension>
        </extensions>
      </trkpt>
      <trkpt lat="49.2433249019086360931396484375" lon="-123.1180165708065032958984375">
        <ele>93.0</ele>
        <time>2025-05-04T14:05:42.000Z</time>
        <extensions>
          <ns3:TrackPointExtension>
            <ns3:atemp>14.0</ns3:atemp>
            <ns3:hr>136</ns3:hr>
            <ns3:cad>83</ns3:cad>
          </ns3:TrackPointExtension>
        </extensions>
      </trkpt>
      <trkpt lat="49.243300594389438629150390625" lon="-123.1180412136018276214599609375">
        <ele>92.8000030517578125</ele>
        <time>2025-05-04T14:05:43.000Z</time>
        <extensions>
          <ns3:TrackPointExtension>
            <ns3:atemp>14.0</ns3:atemp>
            <ns3:hr>131</ns3:hr>
            <ns3:cad>85</ns3:cad>
          </ns3:TrackPointExtension>
        </extensions>
      </trkpt>
      <trkpt lat="49.2432756163179874420166015625" lon="-123.1180589832365512847900390625">
        <ele>92.8000030517578125</ele>
        <time>2025-05-04T14:05:44.000Z</time>
        <extensions>
          <ns3:TrackPointExtension>
            <ns3:atemp>14.0</ns3:atemp>
            <ns3:hr>131</ns3:hr>
            <ns3:cad>85</ns3:cad>
          </ns3:TrackPointExtension>
        </extensions>
      </trkpt>
      <trkpt lat="49.24325139261782169342041015625" lon="-123.1180807761847972869873046875">
        <ele>92.8000030517578125</ele>
        <time>2025-05-04T14:05:45.000Z</time>
        <extensions>
          <ns3:TrackPointExtension>
            <ns3:atemp>14.0</ns3:atemp>
            <ns3:hr>132</ns3:hr>
            <ns3:cad>85</ns3:cad>
          </ns3:TrackPointExtension>
        </extensions>
      </trkpt>
      <trkpt lat="49.2432283423840999603271484375" lon="-123.1181018985807895660400390625">
        <ele>92.8000030517578125</ele>
        <time>2025-05-04T14:05:46.000Z</time>
        <extensions>
          <ns3:TrackPointExtension>
            <ns3:atemp>14.0</ns3:atemp>
            <ns3:hr>132</ns3:hr>
            <ns3:cad>86</ns3:cad>
          </ns3:TrackPointExtension>
        </extensions>
      </trkpt>
      <trkpt lat="49.243203364312648773193359375" lon="-123.118124864995479583740234375">
        <ele>92.8000030517578125</ele>
        <time>2025-05-04T14:05:47.000Z</time>
        <extensions>
          <ns3:TrackPointExtension>
            <ns3:atemp>14.0</ns3:atemp>
            <ns3:hr>131</ns3:hr>
            <ns3:cad>86</ns3:cad>
          </ns3:TrackPointExtension>
        </extensions>
      </trkpt>
      <trkpt lat="49.24318014644086360931396484375" lon="-123.11814221553504467010498046875">
        <ele>92.8000030517578125</ele>
        <time>2025-05-04T14:05:48.000Z</time>
        <extensions>
          <ns3:TrackPointExtension>
            <ns3:atemp>14.0</ns3:atemp>
            <ns3:hr>129</ns3:hr>
            <ns3:cad>85</ns3:cad>
          </ns3:TrackPointExtension>
        </extensions>
      </trkpt>
      <trkpt lat="49.24315282143652439117431640625" lon="-123.118161074817180633544921875">
        <ele>92.8000030517578125</ele>
        <time>2025-05-04T14:05:49.000Z</time>
        <extensions>
          <ns3:TrackPointExtension>
            <ns3:atemp>14.0</ns3:atemp>
            <ns3:hr>132</ns3:hr>
            <ns3:cad>85</ns3:cad>
          </ns3:TrackPointExtension>
        </extensions>
      </trkpt>
      <trkpt lat="49.243124909698963165283203125" lon="-123.11818563379347324371337890625">
        <ele>92.59999847412109375</ele>
        <time>2025-05-04T14:05:50.000Z</time>
        <extensions>
          <ns3:TrackPointExtension>
            <ns3:atemp>14.0</ns3:atemp>
            <ns3:hr>134</ns3:hr>
            <ns3:cad>86</ns3:cad>
          </ns3:TrackPointExtension>
        </extensions>
      </trkpt>
      <trkpt lat="49.24309867434203624725341796875" lon="-123.11820088885724544525146484375">
        <ele>92.59999847412109375</ele>
        <time>2025-05-04T14:05:51.000Z</time>
        <extensions>
          <ns3:TrackPointExtension>
            <ns3:atemp>14.0</ns3:atemp>
            <ns3:hr>130</ns3:hr>
            <ns3:cad>84</ns3:cad>
          </ns3:TrackPointExtension>
        </extensions>
      </trkpt>
      <trkpt lat="49.24307269044220447540283203125" lon="-123.118224106729030609130859375">
        <ele>92.40000152587890625</ele>
        <time>2025-05-04T14:05:52.000Z</time>
        <extensions>
          <ns3:TrackPointExtension>
            <ns3:atemp>14.0</ns3:atemp>
            <ns3:hr>130</ns3:hr>
            <ns3:cad>88</ns3:cad>
          </ns3:TrackPointExtension>
        </extensions>
      </trkpt>
      <trkpt lat="49.24304788000881671905517578125" lon="-123.11824363656342029571533203125">
        <ele>92.1999969482421875</ele>
        <time>2025-05-04T14:05:53.000Z</time>
        <extensions>
          <ns3:TrackPointExtension>
            <ns3:atemp>14.0</ns3:atemp>
            <ns3:hr>132</ns3:hr>
            <ns3:cad>86</ns3:cad>
          </ns3:TrackPointExtension>
        </extensions>
      </trkpt>
      <trkpt lat="49.24302089028060436248779296875" lon="-123.11825704760849475860595703125">
        <ele>92.1999969482421875</ele>
        <time>2025-05-04T14:05:54.000Z</time>
        <extensions>
          <ns3:TrackPointExtension>
            <ns3:atemp>14.0</ns3:atemp>
            <ns3:hr>131</ns3:hr>
            <ns3:cad>88</ns3:cad>
          </ns3:TrackPointExtension>
        </extensions>
      </trkpt>
      <trkpt lat="49.2429943196475505828857421875" lon="-123.11827548779547214508056640625">
        <ele>92.0</ele>
        <time>2025-05-04T14:05:55.000Z</time>
        <extensions>
          <ns3:TrackPointExtension>
            <ns3:atemp>14.0</ns3:atemp>
            <ns3:hr>134</ns3:hr>
            <ns3:cad>87</ns3:cad>
          </ns3:TrackPointExtension>
        </extensions>
      </trkpt>
      <trkpt lat="49.24296758137643337249755859375" lon="-123.11829426325857639312744140625">
        <ele>92.0</ele>
        <time>2025-05-04T14:05:56.000Z</time>
        <extensions>
          <ns3:TrackPointExtension>
            <ns3:atemp>14.0</ns3:atemp>
            <ns3:hr>133</ns3:hr>
            <ns3:cad>84</ns3:cad>
          </ns3:TrackPointExtension>
        </extensions>
      </trkpt>
      <trkpt lat="49.24293807707726955413818359375" lon="-123.1183141283690929412841796875">
        <ele>92.1999969482421875</ele>
        <time>2025-05-04T14:05:57.000Z</time>
        <extensions>
          <ns3:TrackPointExtension>
            <ns3:atemp>14.0</ns3:atemp>
            <ns3:hr>134</ns3:hr>
            <ns3:cad>88</ns3:cad>
          </ns3:TrackPointExtension>
        </extensions>
      </trkpt>
      <trkpt lat="49.2429094947874546051025390625" lon="-123.1183231808245182037353515625">
        <ele>92.1999969482421875</ele>
        <time>2025-05-04T14:05:58.000Z</time>
        <extensions>
          <ns3:TrackPointExtension>
            <ns3:atemp>14.0</ns3:atemp>
            <ns3:hr>132</ns3:hr>
            <ns3:cad>87</ns3:cad>
          </ns3:TrackPointExtension>
        </extensions>
      </trkpt>
      <trkpt lat="49.24288024194538593292236328125" lon="-123.11834455467760562896728515625">
        <ele>92.40000152587890625</ele>
        <time>2025-05-04T14:05:59.000Z</time>
        <extensions>
          <ns3:TrackPointExtension>
            <ns3:atemp>14.0</ns3:atemp>
            <ns3:hr>129</ns3:hr>
            <ns3:cad>83</ns3:cad>
          </ns3:TrackPointExtension>
        </extensions>
      </trkpt>
      <trkpt lat="49.24285090528428554534912109375" lon="-123.1183557026088237762451171875">
        <ele>92.40000152587890625</ele>
        <time>2025-05-04T14:06:00.000Z</time>
        <extensions>
          <ns3:TrackPointExtension>
            <ns3:atemp>14.0</ns3:atemp>
            <ns3:hr>136</ns3:hr>
            <ns3:cad>84</ns3:cad>
          </ns3:TrackPointExtension>
        </extensions>
      </trkpt>
      <trkpt lat="49.24282215535640716552734375" lon="-123.1183691136538982391357421875">
        <ele>92.59999847412109375</ele>
        <time>2025-05-04T14:06:01.000Z</time>
        <extensions>
          <ns3:TrackPointExtension>
            <ns3:atemp>14.0</ns3:atemp>
            <ns3:hr>132</ns3:hr>
            <ns3:cad>84</ns3:cad>
          </ns3:TrackPointExtension>
        </extensions>
      </trkpt>
      <trkpt lat="49.24279575236141681671142578125" lon="-123.11838277615606784820556640625">
        <ele>92.59999847412109375</ele>
        <time>2025-05-04T14:06:02.000Z</time>
        <extensions>
          <ns3:TrackPointExtension>
            <ns3:atemp>14.0</ns3:atemp>
            <ns3:hr>135</ns3:hr>
            <ns3:cad>86</ns3:cad>
          </ns3:TrackPointExtension>
        </extensions>
      </trkpt>
      <trkpt lat="49.2427703551948070526123046875" lon="-123.11839350499212741851806640625">
        <ele>92.8000030517578125</ele>
        <time>2025-05-04T14:06:03.000Z</time>
        <extensions>
          <ns3:TrackPointExtension>
            <ns3:atemp>14.0</ns3:atemp>
            <ns3:hr>132</ns3:hr>
            <ns3:cad>84</ns3:cad>
          </ns3:TrackPointExtension>
        </extensions>
      </trkpt>
      <trkpt lat="49.2427435331046581268310546875" lon="-123.11840943060815334320068359375">
        <ele>92.8000030517578125</ele>
        <time>2025-05-04T14:06:04.000Z</time>
        <extensions>
          <ns3:TrackPointExtension>
            <ns3:atemp>14.0</ns3:atemp>
            <ns3:hr>133</ns3:hr>
            <ns3:cad>87</ns3:cad>
          </ns3:TrackPointExtension>
        </extensions>
      </trkpt>
      <trkpt lat="49.24271293915808200836181640625" lon="-123.11842250637710094451904296875">
        <ele>92.8000030517578125</ele>
        <time>2025-05-04T14:06:05.000Z</time>
        <extensions>
          <ns3:TrackPointExtension>
            <ns3:atemp>14.0</ns3:atemp>
            <ns3:hr>133</ns3:hr>
            <ns3:cad>86</ns3:cad>
          </ns3:TrackPointExtension>
        </extensions>
      </trkpt>
      <trkpt lat="49.24268058501183986663818359375" lon="-123.1184291280806064605712890625">
        <ele>93.0</ele>
        <time>2025-05-04T14:06:06.000Z</time>
        <extensions>
          <ns3:TrackPointExtension>
            <ns3:atemp>14.0</ns3:atemp>
            <ns3:hr>135</ns3:hr>
            <ns3:cad>84</ns3:cad>
          </ns3:TrackPointExtension>
        </extensions>
      </trkpt>
      <trkpt lat="49.24265183508396148681640625" lon="-123.118429295718669891357421875">
        <ele>93.1999969482421875</ele>
        <time>2025-05-04T14:06:07.000Z</time>
        <extensions>
          <ns3:TrackPointExtension>
            <ns3:atemp>14.0</ns3:atemp>
            <ns3:hr>137</ns3:hr>
            <ns3:cad>87</ns3:cad>
          </ns3:TrackPointExtension>
        </extensions>
      </trkpt>
      <trkpt lat="49.24262207932770252227783203125" lon="-123.1184349954128265380859375">
        <ele>93.40000152587890625</ele>
        <time>2025-05-04T14:06:08.000Z</time>
        <extensions>
          <ns3:TrackPointExtension>
            <ns3:atemp>14.0</ns3:atemp>
            <ns3:hr>131</ns3:hr>
            <ns3:cad>86</ns3:cad>
          </ns3:TrackPointExtension>
        </extensions>
      </trkpt>
      <trkpt lat="49.242593161761760711669921875" lon="-123.1184442155063152313232421875">
        <ele>93.40000152587890625</ele>
        <time>2025-05-04T14:06:09.000Z</time>
        <extensions>
          <ns3:TrackPointExtension>
            <ns3:atemp>14.0</ns3:atemp>
            <ns3:hr>134</ns3:hr>
            <ns3:cad>86</ns3:cad>
          </ns3:TrackPointExtension>
        </extensions>
      </trkpt>
      <trkpt lat="49.24256407655775547027587890625" lon="-123.11844530515372753143310546875">
        <ele>93.40000152587890625</ele>
        <time>2025-05-04T14:06:10.000Z</time>
        <extensions>
          <ns3:TrackPointExtension>
            <ns3:atemp>14.0</ns3:atemp>
            <ns3:hr>136</ns3:hr>
            <ns3:cad>85</ns3:cad>
          </ns3:TrackPointExtension>
        </extensions>
      </trkpt>
      <trkpt lat="49.24253440462052822113037109375" lon="-123.1184542737901210784912109375">
        <ele>93.59999847412109375</ele>
        <time>2025-05-04T14:06:11.000Z</time>
        <extensions>
          <ns3:TrackPointExtension>
            <ns3:atemp>14.0</ns3:atemp>
            <ns3:hr>134</ns3:hr>
            <ns3:cad>86</ns3:cad>
          </ns3:TrackPointExtension>
        </extensions>
      </trkpt>
      <trkpt lat="49.24250624142587184906005859375" lon="-123.1184593029320240020751953125">
        <ele>93.59999847412109375</ele>
        <time>2025-05-04T14:06:12.000Z</time>
        <extensions>
          <ns3:TrackPointExtension>
            <ns3:atemp>14.0</ns3:atemp>
            <ns3:hr>135</ns3:hr>
            <ns3:cad>85</ns3:cad>
          </ns3:TrackPointExtension>
        </extensions>
      </trkpt>
      <trkpt lat="49.24247682094573974609375" lon="-123.11846919357776641845703125">
        <ele>93.59999847412109375</ele>
        <time>2025-05-04T14:06:13.000Z</time>
        <extensions>
          <ns3:TrackPointExtension>
            <ns3:atemp>14.0</ns3:atemp>
            <ns3:hr>136</ns3:hr>
            <ns3:cad>88</ns3:cad>
          </ns3:TrackPointExtension>
        </extensions>
      </trkpt>
      <trkpt lat="49.24244907684624195098876953125" lon="-123.11847263015806674957275390625">
        <ele>93.8000030517578125</ele>
        <time>2025-05-04T14:06:14.000Z</time>
        <extensions>
          <ns3:TrackPointExtension>
            <ns3:atemp>14.0</ns3:atemp>
            <ns3:hr>133</ns3:hr>
            <ns3:cad>85</ns3:cad>
          </ns3:TrackPointExtension>
        </extensions>
      </trkpt>
      <trkpt lat="49.24241940490901470184326171875" lon="-123.118476904928684234619140625">
        <ele>94.0</ele>
        <time>2025-05-04T14:06:15.000Z</time>
        <extensions>
          <ns3:TrackPointExtension>
            <ns3:atemp>14.0</ns3:atemp>
            <ns3:hr>137</ns3:hr>
            <ns3:cad>85</ns3:cad>
          </ns3:TrackPointExtension>
        </extensions>
      </trkpt>
      <trkpt lat="49.24238520674407482147216796875" lon="-123.1184847839176654815673828125">
        <ele>94.1999969482421875</ele>
        <time>2025-05-04T14:06:16.000Z</time>
        <extensions>
          <ns3:TrackPointExtension>
            <ns3:atemp>14.0</ns3:atemp>
            <ns3:hr>137</ns3:hr>
            <ns3:cad>88</ns3:cad>
          </ns3:TrackPointExtension>
        </extensions>
      </trkpt>
      <trkpt lat="49.24235620535910129547119140625" lon="-123.11849123798310756683349609375">
        <ele>94.1999969482421875</ele>
        <time>2025-05-04T14:06:17.000Z</time>
        <extensions>
          <ns3:TrackPointExtension>
            <ns3:atemp>14.0</ns3:atemp>
            <ns3:hr>136</ns3:hr>
            <ns3:cad>84</ns3:cad>
          </ns3:TrackPointExtension>
        </extensions>
      </trkpt>
      <trkpt lat="49.24232192337512969970703125" lon="-123.11849190853536128997802734375">
        <ele>94.1999969482421875</ele>
        <time>2025-05-04T14:06:18.000Z</time>
        <extensions>
          <ns3:TrackPointExtension>
            <ns3:atemp>14.0</ns3:atemp>
            <ns3:hr>139</ns3:hr>
            <ns3:cad>85</ns3:cad>
          </ns3:TrackPointExtension>
        </extensions>
      </trkpt>
      <trkpt lat="49.242291413247585296630859375" lon="-123.11848931014537811279296875">
        <ele>94.40000152587890625</ele>
        <time>2025-05-04T14:06:19.000Z</time>
        <extensions>
          <ns3:TrackPointExtension>
            <ns3:atemp>14.0</ns3:atemp>
            <ns3:hr>135</ns3:hr>
            <ns3:cad>84</ns3:cad>
          </ns3:TrackPointExtension>
        </extensions>
      </trkpt>
      <trkpt lat="49.242262579500675201416015625" lon="-123.1184901483356952667236328125">
        <ele>94.59999847412109375</ele>
        <time>2025-05-04T14:06:20.000Z</time>
        <extensions>
          <ns3:TrackPointExtension>
            <ns3:atemp>14.0</ns3:atemp>
            <ns3:hr>135</ns3:hr>
            <ns3:cad>84</ns3:cad>
          </ns3:TrackPointExtension>
        </extensions>
      </trkpt>
      <trkpt lat="49.24223475158214569091796875" lon="-123.11849140562117099761962890625">
        <ele>94.59999847412109375</ele>
        <time>2025-05-04T14:06:21.000Z</time>
        <extensions>
          <ns3:TrackPointExtension>
            <ns3:atemp>14.0</ns3:atemp>
            <ns3:hr>132</ns3:hr>
            <ns3:cad>83</ns3:cad>
          </ns3:TrackPointExtension>
        </extensions>
      </trkpt>
      <trkpt lat="49.2422070913016796112060546875" lon="-123.1184908188879489898681640625">
        <ele>94.59999847412109375</ele>
        <time>2025-05-04T14:06:22.000Z</time>
        <extensions>
          <ns3:TrackPointExtension>
            <ns3:atemp>14.0</ns3:atemp>
            <ns3:hr>136</ns3:hr>
            <ns3:cad>85</ns3:cad>
          </ns3:TrackPointExtension>
        </extensions>
      </trkpt>
      <trkpt lat="49.24217901192605495452880859375" lon="-123.11849542893469333648681640625">
        <ele>94.8000030517578125</ele>
        <time>2025-05-04T14:06:23.000Z</time>
        <extensions>
          <ns3:TrackPointExtension>
            <ns3:atemp>14.0</ns3:atemp>
            <ns3:hr>138</ns3:hr>
            <ns3:cad>86</ns3:cad>
          </ns3:TrackPointExtension>
        </extensions>
      </trkpt>
      <trkpt lat="49.2421514354646205902099609375" lon="-123.118497692048549652099609375">
        <ele>95.0</ele>
        <time>2025-05-04T14:06:24.000Z</time>
        <extensions>
          <ns3:TrackPointExtension>
            <ns3:atemp>14.0</ns3:atemp>
            <ns3:hr>137</ns3:hr>
            <ns3:cad>85</ns3:cad>
          </ns3:TrackPointExtension>
        </extensions>
      </trkpt>
      <trkpt lat="49.24212134443223476409912109375" lon="-123.11849961988627910614013671875">
        <ele>95.0</ele>
        <time>2025-05-04T14:06:25.000Z</time>
        <extensions>
          <ns3:TrackPointExtension>
            <ns3:atemp>14.0</ns3:atemp>
            <ns3:hr>133</ns3:hr>
            <ns3:cad>84</ns3:cad>
          </ns3:TrackPointExtension>
        </extensions>
      </trkpt>
      <trkpt lat="49.24209217540919780731201171875" lon="-123.11850615777075290679931640625">
        <ele>95.1999969482421875</ele>
        <time>2025-05-04T14:06:26.000Z</time>
        <extensions>
          <ns3:TrackPointExtension>
            <ns3:atemp>14.0</ns3:atemp>
            <ns3:hr>133</ns3:hr>
            <ns3:cad>87</ns3:cad>
          </ns3:TrackPointExtension>
        </extensions>
      </trkpt>
      <trkpt lat="49.2420656047761440277099609375" lon="-123.11850582249462604522705078125">
        <ele>95.40000152587890625</ele>
        <time>2025-05-04T14:06:27.000Z</time>
        <extensions>
          <ns3:TrackPointExtension>
            <ns3:atemp>14.0</ns3:atemp>
            <ns3:hr>136</ns3:hr>
            <ns3:cad>85</ns3:cad>
          </ns3:TrackPointExtension>
        </extensions>
      </trkpt>
      <trkpt lat="49.24203651957213878631591796875" lon="-123.11850917525589466094970703125">
        <ele>95.59999847412109375</ele>
        <time>2025-05-04T14:06:28.000Z</time>
        <extensions>
          <ns3:TrackPointExtension>
            <ns3:atemp>14.0</ns3:atemp>
            <ns3:hr>134</ns3:hr>
            <ns3:cad>85</ns3:cad>
          </ns3:TrackPointExtension>
        </extensions>
      </trkpt>
      <trkpt lat="49.24200751818716526031494140625" lon="-123.11850783415138721466064453125">
        <ele>95.59999847412109375</ele>
        <time>2025-05-04T14:06:29.000Z</time>
        <extensions>
          <ns3:TrackPointExtension>
            <ns3:atemp>14.0</ns3:atemp>
            <ns3:hr>135</ns3:hr>
            <ns3:cad>87</ns3:cad>
          </ns3:TrackPointExtension>
        </extensions>
      </trkpt>
      <trkpt lat="49.2419777624309062957763671875" lon="-123.1185065768659114837646484375">
        <ele>95.8000030517578125</ele>
        <time>2025-05-04T14:06:30.000Z</time>
        <extensions>
          <ns3:TrackPointExtension>
            <ns3:atemp>14.0</ns3:atemp>
            <ns3:hr>136</ns3:hr>
            <ns3:cad>84</ns3:cad>
          </ns3:TrackPointExtension>
        </extensions>
      </trkpt>
      <trkpt lat="49.24195186235010623931884765625" lon="-123.11850816942751407623291015625">
        <ele>96.0</ele>
        <time>2025-05-04T14:06:31.000Z</time>
        <extensions>
          <ns3:TrackPointExtension>
            <ns3:atemp>14.0</ns3:atemp>
            <ns3:hr>138</ns3:hr>
            <ns3:cad>84</ns3:cad>
          </ns3:TrackPointExtension>
        </extensions>
      </trkpt>
      <trkpt lat="49.24191950820386409759521484375" lon="-123.1185099296271800994873046875">
        <ele>96.1999969482421875</ele>
        <time>2025-05-04T14:06:32.000Z</time>
        <extensions>
          <ns3:TrackPointExtension>
            <ns3:atemp>14.0</ns3:atemp>
            <ns3:hr>136</ns3:hr>
            <ns3:cad>87</ns3:cad>
          </ns3:TrackPointExtension>
        </extensions>
      </trkpt>
      <trkpt lat="49.241888411343097686767578125" lon="-123.1185089237987995147705078125">
        <ele>96.1999969482421875</ele>
        <time>2025-05-04T14:06:33.000Z</time>
        <extensions>
          <ns3:TrackPointExtension>
            <ns3:atemp>14.0</ns3:atemp>
            <ns3:hr>135</ns3:hr>
            <ns3:cad>85</ns3:cad>
          </ns3:TrackPointExtension>
        </extensions>
      </trkpt>
      <trkpt lat="49.24185697920620441436767578125" lon="-123.11850347556173801422119140625">
        <ele>96.40000152587890625</ele>
        <time>2025-05-04T14:06:34.000Z</time>
        <extensions>
          <ns3:TrackPointExtension>
            <ns3:atemp>14.0</ns3:atemp>
            <ns3:hr>136</ns3:hr>
            <ns3:cad>84</ns3:cad>
          </ns3:TrackPointExtension>
        </extensions>
      </trkpt>
      <trkpt lat="49.24183015711605548858642578125" lon="-123.1185032241046428680419921875">
        <ele>96.59999847412109375</ele>
        <time>2025-05-04T14:06:35.000Z</time>
        <extensions>
          <ns3:TrackPointExtension>
            <ns3:atemp>14.0</ns3:atemp>
            <ns3:hr>139</ns3:hr>
            <ns3:cad>87</ns3:cad>
          </ns3:TrackPointExtension>
        </extensions>
      </trkpt>
      <trkpt lat="49.24179813824594020843505859375" lon="-123.118504397571086883544921875">
        <ele>96.59999847412109375</ele>
        <time>2025-05-04T14:06:36.000Z</time>
        <extensions>
          <ns3:TrackPointExtension>
            <ns3:atemp>14.0</ns3:atemp>
            <ns3:hr>138</ns3:hr>
            <ns3:cad>86</ns3:cad>
          </ns3:TrackPointExtension>
        </extensions>
      </trkpt>
      <trkpt lat="49.24177366308867931365966796875" lon="-123.118505068123340606689453125">
        <ele>96.8000030517578125</ele>
        <time>2025-05-04T14:06:37.000Z</time>
        <extensions>
          <ns3:TrackPointExtension>
            <ns3:atemp>14.0</ns3:atemp>
            <ns3:hr>139</ns3:hr>
            <ns3:cad>84</ns3:cad>
          </ns3:TrackPointExtension>
        </extensions>
      </trkpt>
      <trkpt lat="49.24174415878951549530029296875" lon="-123.11850800178945064544677734375">
        <ele>96.8000030517578125</ele>
        <time>2025-05-04T14:06:38.000Z</time>
        <extensions>
          <ns3:TrackPointExtension>
            <ns3:atemp>14.0</ns3:atemp>
            <ns3:hr>141</ns3:hr>
            <ns3:cad>85</ns3:cad>
          </ns3:TrackPointExtension>
        </extensions>
      </trkpt>
      <trkpt lat="49.2417145706713199615478515625" lon="-123.11851101927459239959716796875">
        <ele>97.0</ele>
        <time>2025-05-04T14:06:39.000Z</time>
        <extensions>
          <ns3:TrackPointExtension>
            <ns3:atemp>14.0</ns3:atemp>
            <ns3:hr>136</ns3:hr>
            <ns3:cad>84</ns3:cad>
          </ns3:TrackPointExtension>
        </extensions>
      </trkpt>
      <trkpt lat="49.24167819321155548095703125" lon="-123.118515796959400177001953125">
        <ele>97.0</ele>
        <time>2025-05-04T14:06:40.000Z</time>
        <extensions>
          <ns3:TrackPointExtension>
            <ns3:atemp>14.0</ns3:atemp>
            <ns3:hr>139</ns3:hr>
            <ns3:cad>88</ns3:cad>
          </ns3:TrackPointExtension>
        </extensions>
      </trkpt>
      <trkpt lat="49.24164793454110622406005859375" lon="-123.11851822771131992340087890625">
        <ele>97.1999969482421875</ele>
        <time>2025-05-04T14:06:41.000Z</time>
        <extensions>
          <ns3:TrackPointExtension>
            <ns3:atemp>14.0</ns3:atemp>
            <ns3:hr>136</ns3:hr>
            <ns3:cad>84</ns3:cad>
          </ns3:TrackPointExtension>
        </extensions>
      </trkpt>
      <trkpt lat="49.2416190169751644134521484375" lon="-123.11852526850998401641845703125">
        <ele>97.1999969482421875</ele>
        <time>2025-05-04T14:06:42.000Z</time>
        <extensions>
          <ns3:TrackPointExtension>
            <ns3:atemp>14.0</ns3:atemp>
            <ns3:hr>135</ns3:hr>
            <ns3:cad>86</ns3:cad>
          </ns3:TrackPointExtension>
        </extensions>
      </trkpt>
      <trkpt lat="49.2415905185043811798095703125" lon="-123.11853113584220409393310546875">
        <ele>97.1999969482421875</ele>
        <time>2025-05-04T14:06:43.000Z</time>
        <extensions>
          <ns3:TrackPointExtension>
            <ns3:atemp>14.0</ns3:atemp>
            <ns3:hr>137</ns3:hr>
            <ns3:cad>88</ns3:cad>
          </ns3:TrackPointExtension>
        </extensions>
      </trkpt>
      <trkpt lat="49.241561181843280792236328125" lon="-123.11853297986090183258056640625">
        <ele>97.40000152587890625</ele>
        <time>2025-05-04T14:06:44.000Z</time>
        <extensions>
          <ns3:TrackPointExtension>
            <ns3:atemp>14.0</ns3:atemp>
            <ns3:hr>137</ns3:hr>
            <ns3:cad>86</ns3:cad>
          </ns3:TrackPointExtension>
        </extensions>
      </trkpt>
      <trkpt lat="49.24153461121022701263427734375" lon="-123.11853314749896526336669921875">
        <ele>97.59999847412109375</ele>
        <time>2025-05-04T14:06:45.000Z</time>
        <extensions>
          <ns3:TrackPointExtension>
            <ns3:atemp>14.0</ns3:atemp>
            <ns3:hr>136</ns3:hr>
            <ns3:cad>89</ns3:cad>
          </ns3:TrackPointExtension>
        </extensions>
      </trkpt>
      <trkpt lat="49.2415033467113971710205078125" lon="-123.118537925183773040771484375">
        <ele>97.59999847412109375</ele>
        <time>2025-05-04T14:06:46.000Z</time>
        <extensions>
          <ns3:TrackPointExtension>
            <ns3:atemp>14.0</ns3:atemp>
            <ns3:hr>138</ns3:hr>
            <ns3:cad>88</ns3:cad>
          </ns3:TrackPointExtension>
        </extensions>
      </trkpt>
      <trkpt lat="49.2414755187928676605224609375" lon="-123.11853448860347270965576171875">
        <ele>97.59999847412109375</ele>
        <time>2025-05-04T14:06:47.000Z</time>
        <extensions>
          <ns3:TrackPointExtension>
            <ns3:atemp>14.0</ns3:atemp>
            <ns3:hr>134</ns3:hr>
            <ns3:cad>88</ns3:cad>
          </ns3:TrackPointExtension>
        </extensions>
      </trkpt>
      <trkpt lat="49.241444505751132965087890625" lon="-123.1185377575457096099853515625">
        <ele>97.8000030517578125</ele>
        <time>2025-05-04T14:06:48.000Z</time>
        <extensions>
          <ns3:TrackPointExtension>
            <ns3:atemp>14.0</ns3:atemp>
            <ns3:hr>137</ns3:hr>
            <ns3:cad>88</ns3:cad>
          </ns3:TrackPointExtension>
        </extensions>
      </trkpt>
      <trkpt lat="49.24141474999487400054931640625" lon="-123.1185501627624034881591796875">
        <ele>98.0</ele>
        <time>2025-05-04T14:06:49.000Z</time>
        <extensions>
          <ns3:TrackPointExtension>
            <ns3:atemp>14.0</ns3:atemp>
            <ns3:hr>140</ns3:hr>
            <ns3:cad>85</ns3:cad>
          </ns3:TrackPointExtension>
        </extensions>
      </trkpt>
      <trkpt lat="49.241379797458648681640625" lon="-123.1185528449714183807373046875">
        <ele>98.0</ele>
        <time>2025-05-04T14:06:50.000Z</time>
        <extensions>
          <ns3:TrackPointExtension>
            <ns3:atemp>14.0</ns3:atemp>
            <ns3:hr>137</ns3:hr>
            <ns3:cad>88</ns3:cad>
          </ns3:TrackPointExtension>
        </extensions>
      </trkpt>
      <trkpt lat="49.2413494549691677093505859375" lon="-123.118555359542369842529296875">
        <ele>98.1999969482421875</ele>
        <time>2025-05-04T14:06:51.000Z</time>
        <extensions>
          <ns3:TrackPointExtension>
            <ns3:atemp>14.0</ns3:atemp>
            <ns3:hr>136</ns3:hr>
            <ns3:cad>88</ns3:cad>
          </ns3:TrackPointExtension>
        </extensions>
      </trkpt>
      <trkpt lat="49.2413221299648284912109375" lon="-123.118554018437862396240234375">
        <ele>98.40000152587890625</ele>
        <time>2025-05-04T14:06:52.000Z</time>
        <extensions>
          <ns3:TrackPointExtension>
            <ns3:atemp>14.0</ns3:atemp>
            <ns3:hr>137</ns3:hr>
            <ns3:cad>84</ns3:cad>
          </ns3:TrackPointExtension>
        </extensions>
      </trkpt>
      <trkpt lat="49.24129254184663295745849609375" lon="-123.118554018437862396240234375">
        <ele>98.40000152587890625</ele>
        <time>2025-05-04T14:06:53.000Z</time>
        <extensions>
          <ns3:TrackPointExtension>
            <ns3:atemp>14.0</ns3:atemp>
            <ns3:hr>140</ns3:hr>
            <ns3:cad>86</ns3:cad>
          </ns3:TrackPointExtension>
        </extensions>
      </trkpt>
      <trkpt lat="49.24126152880489826202392578125" lon="-123.118556700646877288818359375">
        <ele>98.40000152587890625</ele>
        <time>2025-05-04T14:06:54.000Z</time>
        <extensions>
          <ns3:TrackPointExtension>
            <ns3:atemp>14.0</ns3:atemp>
            <ns3:hr>140</ns3:hr>
            <ns3:cad>86</ns3:cad>
          </ns3:TrackPointExtension>
        </extensions>
      </trkpt>
      <trkpt lat="49.2412324436008930206298828125" lon="-123.118562065064907073974609375">
        <ele>98.40000152587890625</ele>
        <time>2025-05-04T14:06:55.000Z</time>
        <extensions>
          <ns3:TrackPointExtension>
            <ns3:atemp>14.0</ns3:atemp>
            <ns3:hr>142</ns3:hr>
            <ns3:cad>85</ns3:cad>
          </ns3:TrackPointExtension>
        </extensions>
      </trkpt>
      <trkpt lat="49.2411969043314456939697265625" lon="-123.118567764759063720703125">
        <ele>98.59999847412109375</ele>
        <time>2025-05-04T14:06:56.000Z</time>
        <extensions>
          <ns3:TrackPointExtension>
            <ns3:atemp>14.0</ns3:atemp>
            <ns3:hr>137</ns3:hr>
            <ns3:cad>87</ns3:cad>
          </ns3:TrackPointExtension>
        </extensions>
      </trkpt>
      <trkpt lat="49.241168238222599029541015625" lon="-123.118568100035190582275390625">
        <ele>98.8000030517578125</ele>
        <time>2025-05-04T14:06:57.000Z</time>
        <extensions>
          <ns3:TrackPointExtension>
            <ns3:atemp>14.0</ns3:atemp>
            <ns3:hr>138</ns3:hr>
            <ns3:cad>84</ns3:cad>
          </ns3:TrackPointExtension>
        </extensions>
      </trkpt>
      <trkpt lat="49.24113714136183261871337890625" lon="-123.11856650747358798980712890625">
        <ele>99.0</ele>
        <time>2025-05-04T14:06:58.000Z</time>
        <extensions>
          <ns3:TrackPointExtension>
            <ns3:atemp>14.0</ns3:atemp>
            <ns3:hr>139</ns3:hr>
            <ns3:cad>86</ns3:cad>
          </ns3:TrackPointExtension>
        </extensions>
      </trkpt>
      <trkpt lat="49.241103194653987884521484375" lon="-123.1185756437480449676513671875">
        <ele>99.0</ele>
        <time>2025-05-04T14:06:59.000Z</time>
        <extensions>
          <ns3:TrackPointExtension>
            <ns3:atemp>14.0</ns3:atemp>
            <ns3:hr>136</ns3:hr>
            <ns3:cad>85</ns3:cad>
          </ns3:TrackPointExtension>
        </extensions>
      </trkpt>
      <trkpt lat="49.24107134342193603515625" lon="-123.11857120133936405181884765625">
        <ele>99.0</ele>
        <time>2025-05-04T14:07:00.000Z</time>
        <extensions>
          <ns3:TrackPointExtension>
            <ns3:atemp>14.0</ns3:atemp>
            <ns3:hr>143</ns3:hr>
            <ns3:cad>87</ns3:cad>
          </ns3:TrackPointExtension>
        </extensions>
      </trkpt>
      <trkpt lat="49.24103421159088611602783203125" lon="-123.11856977641582489013671875">
        <ele>99.0</ele>
        <time>2025-05-04T14:07:01.000Z</time>
        <extensions>
          <ns3:TrackPointExtension>
            <ns3:atemp>14.0</ns3:atemp>
            <ns3:hr>137</ns3:hr>
            <ns3:cad>87</ns3:cad>
          </ns3:TrackPointExtension>
        </extensions>
      </trkpt>
      <trkpt lat="49.241004623472690582275390625" lon="-123.118569441139698028564453125">
        <ele>99.0</ele>
        <time>2025-05-04T14:07:02.000Z</time>
        <extensions>
          <ns3:TrackPointExtension>
            <ns3:atemp>14.0</ns3:atemp>
            <ns3:hr>138</ns3:hr>
            <ns3:cad>86</ns3:cad>
          </ns3:TrackPointExtension>
        </extensions>
      </trkpt>
      <trkpt lat="49.24097268842160701751708984375" lon="-123.11856835149228572845458984375">
        <ele>99.0</ele>
        <time>2025-05-04T14:07:03.000Z</time>
        <extensions>
          <ns3:TrackPointExtension>
            <ns3:atemp>14.0</ns3:atemp>
            <ns3:hr>137</ns3:hr>
            <ns3:cad>85</ns3:cad>
          </ns3:TrackPointExtension>
        </extensions>
      </trkpt>
      <trkpt lat="49.2409420944750308990478515625" lon="-123.11856583692133426666259765625">
        <ele>99.0</ele>
        <time>2025-05-04T14:07:04.000Z</time>
        <extensions>
          <ns3:TrackPointExtension>
            <ns3:atemp>14.0</ns3:atemp>
            <ns3:hr>139</ns3:hr>
            <ns3:cad>86</ns3:cad>
          </ns3:TrackPointExtension>
        </extensions>
      </trkpt>
      <trkpt lat="49.24090814776718616485595703125" lon="-123.11857019551098346710205078125">
        <ele>99.0</ele>
        <time>2025-05-04T14:07:05.000Z</time>
        <extensions>
          <ns3:TrackPointExtension>
            <ns3:atemp>14.0</ns3:atemp>
            <ns3:hr>139</ns3:hr>
            <ns3:cad>88</ns3:cad>
          </ns3:TrackPointExtension>
        </extensions>
      </trkpt>
      <trkpt lat="49.2408810742199420928955078125" lon="-123.1185739673674106597900390625">
        <ele>99.0</ele>
        <time>2025-05-04T14:07:06.000Z</time>
        <extensions>
          <ns3:TrackPointExtension>
            <ns3:atemp>14.0</ns3:atemp>
            <ns3:hr>138</ns3:hr>
            <ns3:cad>85</ns3:cad>
          </ns3:TrackPointExtension>
        </extensions>
      </trkpt>
      <trkpt lat="49.24085349775850772857666015625" lon="-123.1185706146061420440673828125">
        <ele>99.0</ele>
        <time>2025-05-04T14:07:07.000Z</time>
        <extensions>
          <ns3:TrackPointExtension>
            <ns3:atemp>14.0</ns3:atemp>
            <ns3:hr>138</ns3:hr>
            <ns3:cad>85</ns3:cad>
          </ns3:TrackPointExtension>
        </extensions>
      </trkpt>
      <trkpt lat="49.2408200539648532867431640625" lon="-123.11856064014136791229248046875">
        <ele>98.8000030517578125</ele>
        <time>2025-05-04T14:07:08.000Z</time>
        <extensions>
          <ns3:TrackPointExtension>
            <ns3:atemp>14.0</ns3:atemp>
            <ns3:hr>137</ns3:hr>
            <ns3:cad>86</ns3:cad>
          </ns3:TrackPointExtension>
        </extensions>
      </trkpt>
      <trkpt lat="49.2407883703708648681640625" lon="-123.118559382855892181396484375">
        <ele>98.59999847412109375</ele>
        <time>2025-05-04T14:07:09.000Z</time>
        <extensions>
          <ns3:TrackPointExtension>
            <ns3:atemp>14.0</ns3:atemp>
            <ns3:hr>139</ns3:hr>
            <ns3:cad>85</ns3:cad>
          </ns3:TrackPointExtension>
        </extensions>
      </trkpt>
      <trkpt lat="49.24075861461460590362548828125" lon="-123.1185565330088138580322265625">
        <ele>98.8000030517578125</ele>
        <time>2025-05-04T14:07:10.000Z</time>
        <extensions>
          <ns3:TrackPointExtension>
            <ns3:atemp>14.0</ns3:atemp>
            <ns3:hr>140</ns3:hr>
            <ns3:cad>85</ns3:cad>
          </ns3:TrackPointExtension>
        </extensions>
      </trkpt>
      <trkpt lat="49.24073045141994953155517578125" lon="-123.118545971810817718505859375">
        <ele>98.8000030517578125</ele>
        <time>2025-05-04T14:07:11.000Z</time>
        <extensions>
          <ns3:TrackPointExtension>
            <ns3:atemp>14.0</ns3:atemp>
            <ns3:hr>135</ns3:hr>
            <ns3:cad>85</ns3:cad>
          </ns3:TrackPointExtension>
        </extensions>
      </trkpt>
      <trkpt lat="49.24069826491177082061767578125" lon="-123.11854354105889797210693359375">
        <ele>99.0</ele>
        <time>2025-05-04T14:07:12.000Z</time>
        <extensions>
          <ns3:TrackPointExtension>
            <ns3:atemp>14.0</ns3:atemp>
            <ns3:hr>138</ns3:hr>
            <ns3:cad>88</ns3:cad>
          </ns3:TrackPointExtension>
        </extensions>
      </trkpt>
      <trkpt lat="49.24066976644098758697509765625" lon="-123.11852878890931606292724609375">
        <ele>99.1999969482421875</ele>
        <time>2025-05-04T14:07:13.000Z</time>
        <extensions>
          <ns3:TrackPointExtension>
            <ns3:atemp>14.0</ns3:atemp>
            <ns3:hr>142</ns3:hr>
            <ns3:cad>83</ns3:cad>
          </ns3:TrackPointExtension>
        </extensions>
      </trkpt>
      <trkpt lat="49.2406390048563480377197265625" lon="-123.11851839534938335418701171875">
        <ele>99.1999969482421875</ele>
        <time>2025-05-04T14:07:14.000Z</time>
        <extensions>
          <ns3:TrackPointExtension>
            <ns3:atemp>14.0</ns3:atemp>
            <ns3:hr>137</ns3:hr>
            <ns3:cad>87</ns3:cad>
          </ns3:TrackPointExtension>
        </extensions>
      </trkpt>
      <trkpt lat="49.240606985986232757568359375" lon="-123.118508420884609222412109375">
        <ele>99.1999969482421875</ele>
        <time>2025-05-04T14:07:15.000Z</time>
        <extensions>
          <ns3:TrackPointExtension>
            <ns3:atemp>14.0</ns3:atemp>
            <ns3:hr>142</ns3:hr>
            <ns3:cad>86</ns3:cad>
          </ns3:TrackPointExtension>
        </extensions>
      </trkpt>
      <trkpt lat="49.24057806842029094696044921875" lon="-123.118496350944042205810546875">
        <ele>99.0</ele>
        <time>2025-05-04T14:07:16.000Z</time>
        <extensions>
          <ns3:TrackPointExtension>
            <ns3:atemp>14.0</ns3:atemp>
            <ns3:hr>138</ns3:hr>
            <ns3:cad>85</ns3:cad>
          </ns3:TrackPointExtension>
        </extensions>
      </trkpt>
      <trkpt lat="49.2405471391975879669189453125" lon="-123.11848369427025318145751953125">
        <ele>99.1999969482421875</ele>
        <time>2025-05-04T14:07:17.000Z</time>
        <extensions>
          <ns3:TrackPointExtension>
            <ns3:atemp>14.0</ns3:atemp>
            <ns3:hr>142</ns3:hr>
            <ns3:cad>85</ns3:cad>
          </ns3:TrackPointExtension>
        </extensions>
      </trkpt>
      <trkpt lat="49.24051973037421703338623046875" lon="-123.1184653379023075103759765625">
        <ele>99.40000152587890625</ele>
        <time>2025-05-04T14:07:18.000Z</time>
        <extensions>
          <ns3:TrackPointExtension>
            <ns3:atemp>14.0</ns3:atemp>
            <ns3:hr>138</ns3:hr>
            <ns3:cad>84</ns3:cad>
          </ns3:TrackPointExtension>
        </extensions>
      </trkpt>
      <trkpt lat="49.24049072898924350738525390625" lon="-123.11844882555305957794189453125">
        <ele>99.8000030517578125</ele>
        <time>2025-05-04T14:07:19.000Z</time>
        <extensions>
          <ns3:TrackPointExtension>
            <ns3:atemp>14.0</ns3:atemp>
            <ns3:hr>140</ns3:hr>
            <ns3:cad>87</ns3:cad>
          </ns3:TrackPointExtension>
        </extensions>
      </trkpt>
      <trkpt lat="49.2404584586620330810546875" lon="-123.1184271164238452911376953125">
        <ele>100.0</ele>
        <time>2025-05-04T14:07:20.000Z</time>
        <extensions>
          <ns3:TrackPointExtension>
            <ns3:atemp>14.0</ns3:atemp>
            <ns3:hr>140</ns3:hr>
            <ns3:cad>85</ns3:cad>
          </ns3:TrackPointExtension>
        </extensions>
      </trkpt>
      <trkpt lat="49.240430630743503570556640625" lon="-123.11840373091399669647216796875">
        <ele>100.1999969482421875</ele>
        <time>2025-05-04T14:07:21.000Z</time>
        <extensions>
          <ns3:TrackPointExtension>
            <ns3:atemp>14.0</ns3:atemp>
            <ns3:hr>141</ns3:hr>
            <ns3:cad>87</ns3:cad>
          </ns3:TrackPointExtension>
        </extensions>
      </trkpt>
      <trkpt lat="49.24040104262530803680419921875" lon="-123.11838897876441478729248046875">
        <ele>100.59999847412109375</ele>
        <time>2025-05-04T14:07:22.000Z</time>
        <extensions>
          <ns3:TrackPointExtension>
            <ns3:atemp>14.0</ns3:atemp>
            <ns3:hr>145</ns3:hr>
            <ns3:cad>84</ns3:cad>
          </ns3:TrackPointExtension>
        </extensions>
      </trkpt>
      <trkpt lat="49.24037438817322254180908203125" lon="-123.118370957672595977783203125">
        <ele>101.0</ele>
        <time>2025-05-04T14:07:23.000Z</time>
        <extensions>
          <ns3:TrackPointExtension>
            <ns3:atemp>14.0</ns3:atemp>
            <ns3:hr>143</ns3:hr>
            <ns3:cad>86</ns3:cad>
          </ns3:TrackPointExtension>
        </extensions>
      </trkpt>
      <trkpt lat="49.240350164473056793212890625" lon="-123.1183422915637493133544921875">
        <ele>101.1999969482421875</ele>
        <time>2025-05-04T14:07:24.000Z</time>
        <extensions>
          <ns3:TrackPointExtension>
            <ns3:atemp>14.0</ns3:atemp>
            <ns3:hr>142</ns3:hr>
            <ns3:cad>87</ns3:cad>
          </ns3:TrackPointExtension>
        </extensions>
      </trkpt>
      <trkpt lat="49.24032359384000301361083984375" lon="-123.11831203289330005645751953125">
        <ele>101.1999969482421875</ele>
        <time>2025-05-04T14:07:25.000Z</time>
        <extensions>
          <ns3:TrackPointExtension>
            <ns3:atemp>14.0</ns3:atemp>
            <ns3:hr>140</ns3:hr>
            <ns3:cad>87</ns3:cad>
          </ns3:TrackPointExtension>
        </extensions>
      </trkpt>
      <trkpt lat="49.2402986995875835418701171875" lon="-123.118290491402149200439453125">
        <ele>101.1999969482421875</ele>
        <time>2025-05-04T14:07:26.000Z</time>
        <extensions>
          <ns3:TrackPointExtension>
            <ns3:atemp>14.0</ns3:atemp>
            <ns3:hr>141</ns3:hr>
            <ns3:cad>86</ns3:cad>
          </ns3:TrackPointExtension>
        </extensions>
      </trkpt>
      <trkpt lat="49.24027229659259319305419921875" lon="-123.118261657655239105224609375">
        <ele>101.40000152587890625</ele>
        <time>2025-05-04T14:07:27.000Z</time>
        <extensions>
          <ns3:TrackPointExtension>
            <ns3:atemp>14.0</ns3:atemp>
            <ns3:hr>138</ns3:hr>
            <ns3:cad>86</ns3:cad>
          </ns3:TrackPointExtension>
        </extensions>
      </trkpt>
      <trkpt lat="49.24024681560695171356201171875" lon="-123.118234835565090179443359375">
        <ele>101.40000152587890625</ele>
        <time>2025-05-04T14:07:28.000Z</time>
        <extensions>
          <ns3:TrackPointExtension>
            <ns3:atemp>14.0</ns3:atemp>
            <ns3:hr>143</ns3:hr>
            <ns3:cad>84</ns3:cad>
          </ns3:TrackPointExtension>
        </extensions>
      </trkpt>
      <trkpt lat="49.2402235977351665496826171875" lon="-123.118205331265926361083984375">
        <ele>101.40000152587890625</ele>
        <time>2025-05-04T14:07:29.000Z</time>
        <extensions>
          <ns3:TrackPointExtension>
            <ns3:atemp>14.0</ns3:atemp>
            <ns3:hr>143</ns3:hr>
            <ns3:cad>84</ns3:cad>
          </ns3:TrackPointExtension>
        </extensions>
      </trkpt>
      <trkpt lat="49.24019836820662021636962890625" lon="-123.11817440204322338104248046875">
        <ele>101.59999847412109375</ele>
        <time>2025-05-04T14:07:30.000Z</time>
        <extensions>
          <ns3:TrackPointExtension>
            <ns3:atemp>14.0</ns3:atemp>
            <ns3:hr>143</ns3:hr>
            <ns3:cad>83</ns3:cad>
          </ns3:TrackPointExtension>
        </extensions>
      </trkpt>
      <trkpt lat="49.24017389304935932159423828125" lon="-123.118143975734710693359375">
        <ele>101.59999847412109375</ele>
        <time>2025-05-04T14:07:31.000Z</time>
        <extensions>
          <ns3:TrackPointExtension>
            <ns3:atemp>14.0</ns3:atemp>
            <ns3:hr>141</ns3:hr>
            <ns3:cad>87</ns3:cad>
          </ns3:TrackPointExtension>
        </extensions>
      </trkpt>
      <trkpt lat="49.24015142954885959625244140625" lon="-123.11811321415007114410400390625">
        <ele>101.8000030517578125</ele>
        <time>2025-05-04T14:07:32.000Z</time>
        <extensions>
          <ns3:TrackPointExtension>
            <ns3:atemp>14.0</ns3:atemp>
            <ns3:hr>142</ns3:hr>
            <ns3:cad>86</ns3:cad>
          </ns3:TrackPointExtension>
        </extensions>
      </trkpt>
      <trkpt lat="49.24012787640094757080078125" lon="-123.1180871464312076568603515625">
        <ele>102.0</ele>
        <time>2025-05-04T14:07:33.000Z</time>
        <extensions>
          <ns3:TrackPointExtension>
            <ns3:atemp>14.0</ns3:atemp>
            <ns3:hr>140</ns3:hr>
            <ns3:cad>84</ns3:cad>
          </ns3:TrackPointExtension>
        </extensions>
      </trkpt>
      <trkpt lat="49.240100383758544921875" lon="-123.1180586479604244232177734375">
        <ele>102.1999969482421875</ele>
        <time>2025-05-04T14:07:34.000Z</time>
        <extensions>
          <ns3:TrackPointExtension>
            <ns3:atemp>14.0</ns3:atemp>
            <ns3:hr>146</ns3:hr>
            <ns3:cad>85</ns3:cad>
          </ns3:TrackPointExtension>
        </extensions>
      </trkpt>
      <trkpt lat="49.240076579153537750244140625" lon="-123.1180318258702754974365234375">
        <ele>102.40000152587890625</ele>
        <time>2025-05-04T14:07:35.000Z</time>
        <extensions>
          <ns3:TrackPointExtension>
            <ns3:atemp>14.0</ns3:atemp>
            <ns3:hr>143</ns3:hr>
            <ns3:cad>88</ns3:cad>
          </ns3:TrackPointExtension>
        </extensions>
      </trkpt>
      <trkpt lat="49.24004766158759593963623046875" lon="-123.118002824485301971435546875">
        <ele>102.40000152587890625</ele>
        <time>2025-05-04T14:07:36.000Z</time>
        <extensions>
          <ns3:TrackPointExtension>
            <ns3:atemp>14.0</ns3:atemp>
            <ns3:hr>145</ns3:hr>
            <ns3:cad>85</ns3:cad>
          </ns3:TrackPointExtension>
        </extensions>
      </trkpt>
      <trkpt lat="49.24002737738192081451416015625" lon="-123.1179714761674404144287109375">
        <ele>102.59999847412109375</ele>
        <time>2025-05-04T14:07:37.000Z</time>
        <extensions>
          <ns3:TrackPointExtension>
            <ns3:atemp>14.0</ns3:atemp>
            <ns3:hr>140</ns3:hr>
            <ns3:cad>86</ns3:cad>
          </ns3:TrackPointExtension>
        </extensions>
      </trkpt>
      <trkpt lat="49.24000306986272335052490234375" lon="-123.11794021166861057281494140625">
        <ele>102.59999847412109375</ele>
        <time>2025-05-04T14:07:38.000Z</time>
        <extensions>
          <ns3:TrackPointExtension>
            <ns3:atemp>14.0</ns3:atemp>
            <ns3:hr>141</ns3:hr>
            <ns3:cad>86</ns3:cad>
          </ns3:TrackPointExtension>
        </extensions>
      </trkpt>
      <trkpt lat="49.2399775050580501556396484375" lon="-123.11791473068296909332275390625">
        <ele>102.8000030517578125</ele>
        <time>2025-05-04T14:07:39.000Z</time>
        <extensions>
          <ns3:TrackPointExtension>
            <ns3:atemp>14.0</ns3:atemp>
            <ns3:hr>143</ns3:hr>
            <ns3:cad>84</ns3:cad>
          </ns3:TrackPointExtension>
        </extensions>
      </trkpt>
      <trkpt lat="49.2399537004530429840087890625" lon="-123.1178843043744564056396484375">
        <ele>102.8000030517578125</ele>
        <time>2025-05-04T14:07:40.000Z</time>
        <extensions>
          <ns3:TrackPointExtension>
            <ns3:atemp>14.0</ns3:atemp>
            <ns3:hr>143</ns3:hr>
            <ns3:cad>88</ns3:cad>
          </ns3:TrackPointExtension>
        </extensions>
      </trkpt>
      <trkpt lat="49.2399273812770843505859375" lon="-123.1178534589707851409912109375">
        <ele>103.0</ele>
        <time>2025-05-04T14:07:41.000Z</time>
        <extensions>
          <ns3:TrackPointExtension>
            <ns3:atemp>14.0</ns3:atemp>
            <ns3:hr>143</ns3:hr>
            <ns3:cad>87</ns3:cad>
          </ns3:TrackPointExtension>
        </extensions>
      </trkpt>
      <trkpt lat="49.23990835435688495635986328125" lon="-123.11782353557646274566650390625">
        <ele>103.0</ele>
        <time>2025-05-04T14:07:42.000Z</time>
        <extensions>
          <ns3:TrackPointExtension>
            <ns3:atemp>14.0</ns3:atemp>
            <ns3:hr>142</ns3:hr>
            <ns3:cad>85</ns3:cad>
          </ns3:TrackPointExtension>
        </extensions>
      </trkpt>
      <trkpt lat="49.23988287337124347686767578125" lon="-123.11779805459082126617431640625">
        <ele>102.0</ele>
        <time>2025-05-04T14:07:43.000Z</time>
        <extensions>
          <ns3:TrackPointExtension>
            <ns3:atemp>14.0</ns3:atemp>
            <ns3:hr>146</ns3:hr>
            <ns3:cad>85</ns3:cad>
          </ns3:TrackPointExtension>
        </extensions>
      </trkpt>
      <trkpt lat="49.23985923640429973602294921875" lon="-123.11776871792972087860107421875">
        <ele>101.8000030517578125</ele>
        <time>2025-05-04T14:07:44.000Z</time>
        <extensions>
          <ns3:TrackPointExtension>
            <ns3:atemp>14.0</ns3:atemp>
            <ns3:hr>145</ns3:hr>
            <ns3:cad>90</ns3:cad>
          </ns3:TrackPointExtension>
        </extensions>
      </trkpt>
      <trkpt lat="49.23983283340930938720703125" lon="-123.1177376210689544677734375">
        <ele>101.8000030517578125</ele>
        <time>2025-05-04T14:07:45.000Z</time>
        <extensions>
          <ns3:TrackPointExtension>
            <ns3:atemp>14.0</ns3:atemp>
            <ns3:hr>144</ns3:hr>
            <ns3:cad>86</ns3:cad>
          </ns3:TrackPointExtension>
        </extensions>
      </trkpt>
      <trkpt lat="49.239805676043033599853515625" lon="-123.11771322973072528839111328125">
        <ele>101.8000030517578125</ele>
        <time>2025-05-04T14:07:46.000Z</time>
        <extensions>
          <ns3:TrackPointExtension>
            <ns3:atemp>14.0</ns3:atemp>
            <ns3:hr>141</ns3:hr>
            <ns3:cad>86</ns3:cad>
          </ns3:TrackPointExtension>
        </extensions>
      </trkpt>
      <trkpt lat="49.239780195057392120361328125" lon="-123.11768339015543460845947265625">
        <ele>101.8000030517578125</ele>
        <time>2025-05-04T14:07:47.000Z</time>
        <extensions>
          <ns3:TrackPointExtension>
            <ns3:atemp>14.0</ns3:atemp>
            <ns3:hr>140</ns3:hr>
            <ns3:cad>84</ns3:cad>
          </ns3:TrackPointExtension>
        </extensions>
      </trkpt>
      <trkpt lat="49.23975261859595775604248046875" lon="-123.11766142956912517547607421875">
        <ele>102.0</ele>
        <time>2025-05-04T14:07:48.000Z</time>
        <extensions>
          <ns3:TrackPointExtension>
            <ns3:atemp>14.0</ns3:atemp>
            <ns3:hr>144</ns3:hr>
            <ns3:cad>85</ns3:cad>
          </ns3:TrackPointExtension>
        </extensions>
      </trkpt>
      <trkpt lat="49.23972546122968196868896484375" lon="-123.11764039099216461181640625">
        <ele>102.0</ele>
        <time>2025-05-04T14:07:49.000Z</time>
        <extensions>
          <ns3:TrackPointExtension>
            <ns3:atemp>14.0</ns3:atemp>
            <ns3:hr>142</ns3:hr>
            <ns3:cad>83</ns3:cad>
          </ns3:TrackPointExtension>
        </extensions>
      </trkpt>
      <trkpt lat="49.23969947732985019683837890625" lon="-123.117611221969127655029296875">
        <ele>102.0</ele>
        <time>2025-05-04T14:07:50.000Z</time>
        <extensions>
          <ns3:TrackPointExtension>
            <ns3:atemp>14.0</ns3:atemp>
            <ns3:hr>147</ns3:hr>
            <ns3:cad>86</ns3:cad>
          </ns3:TrackPointExtension>
        </extensions>
      </trkpt>
      <trkpt lat="49.23967433162033557891845703125" lon="-123.117580711841583251953125">
        <ele>102.0</ele>
        <time>2025-05-04T14:07:51.000Z</time>
        <extensions>
          <ns3:TrackPointExtension>
            <ns3:atemp>14.0</ns3:atemp>
            <ns3:hr>148</ns3:hr>
            <ns3:cad>87</ns3:cad>
          </ns3:TrackPointExtension>
        </extensions>
      </trkpt>
      <trkpt lat="49.23964784480631351470947265625" lon="-123.11755196191370487213134765625">
        <ele>102.0</ele>
        <time>2025-05-04T14:07:52.000Z</time>
        <extensions>
          <ns3:TrackPointExtension>
            <ns3:atemp>14.0</ns3:atemp>
            <ns3:hr>144</ns3:hr>
            <ns3:cad>83</ns3:cad>
          </ns3:TrackPointExtension>
        </extensions>
      </trkpt>
      <trkpt lat="49.2396204359829425811767578125" lon="-123.1175269000232219696044921875">
        <ele>102.0</ele>
        <time>2025-05-04T14:07:53.000Z</time>
        <extensions>
          <ns3:TrackPointExtension>
            <ns3:atemp>14.0</ns3:atemp>
            <ns3:hr>145</ns3:hr>
            <ns3:cad>84</ns3:cad>
          </ns3:TrackPointExtension>
        </extensions>
      </trkpt>
      <trkpt lat="49.23959679901599884033203125" lon="-123.11749823391437530517578125">
        <ele>101.8000030517578125</ele>
        <time>2025-05-04T14:07:54.000Z</time>
        <extensions>
          <ns3:TrackPointExtension>
            <ns3:atemp>14.0</ns3:atemp>
            <ns3:hr>142</ns3:hr>
            <ns3:cad>87</ns3:cad>
          </ns3:TrackPointExtension>
        </extensions>
      </trkpt>
      <trkpt lat="49.239570982754230499267578125" lon="-123.11746948398649692535400390625">
        <ele>101.8000030517578125</ele>
        <time>2025-05-04T14:07:55.000Z</time>
        <extensions>
          <ns3:TrackPointExtension>
            <ns3:atemp>14.0</ns3:atemp>
            <ns3:hr>142</ns3:hr>
            <ns3:cad>86</ns3:cad>
          </ns3:TrackPointExtension>
        </extensions>
      </trkpt>
      <trkpt lat="49.2395486868917942047119140625" lon="-123.11744048260152339935302734375">
        <ele>102.0</ele>
        <time>2025-05-04T14:07:56.000Z</time>
        <extensions>
          <ns3:TrackPointExtension>
            <ns3:atemp>14.0</ns3:atemp>
            <ns3:hr>146</ns3:hr>
            <ns3:cad>85</ns3:cad>
          </ns3:TrackPointExtension>
        </extensions>
      </trkpt>
      <trkpt lat="49.239524714648723602294921875" lon="-123.117412067949771881103515625">
        <ele>102.1999969482421875</ele>
        <time>2025-05-04T14:07:57.000Z</time>
        <extensions>
          <ns3:TrackPointExtension>
            <ns3:atemp>14.0</ns3:atemp>
            <ns3:hr>145</ns3:hr>
            <ns3:cad>86</ns3:cad>
          </ns3:TrackPointExtension>
        </extensions>
      </trkpt>
      <trkpt lat="49.23950434662401676177978515625" lon="-123.11738365329802036285400390625">
        <ele>102.1999969482421875</ele>
        <time>2025-05-04T14:07:58.000Z</time>
        <extensions>
          <ns3:TrackPointExtension>
            <ns3:atemp>14.0</ns3:atemp>
            <ns3:hr>144</ns3:hr>
            <ns3:cad>85</ns3:cad>
          </ns3:TrackPointExtension>
        </extensions>
      </trkpt>
      <trkpt lat="49.2394772730767726898193359375" lon="-123.1173572503030300140380859375">
        <ele>102.1999969482421875</ele>
        <time>2025-05-04T14:07:59.000Z</time>
        <extensions>
          <ns3:TrackPointExtension>
            <ns3:atemp>14.0</ns3:atemp>
            <ns3:hr>145</ns3:hr>
            <ns3:cad>87</ns3:cad>
          </ns3:TrackPointExtension>
        </extensions>
      </trkpt>
      <trkpt lat="49.2394507862627506256103515625" lon="-123.1173300929367542266845703125">
        <ele>102.1999969482421875</ele>
        <time>2025-05-04T14:08:00.000Z</time>
        <extensions>
          <ns3:TrackPointExtension>
            <ns3:atemp>14.0</ns3:atemp>
            <ns3:hr>143</ns3:hr>
            <ns3:cad>87</ns3:cad>
          </ns3:TrackPointExtension>
        </extensions>
      </trkpt>
      <trkpt lat="49.2394289933145046234130859375" lon="-123.11731022782623767852783203125">
        <ele>102.1999969482421875</ele>
        <time>2025-05-04T14:08:01.000Z</time>
        <extensions>
          <ns3:TrackPointExtension>
            <ns3:atemp>14.0</ns3:atemp>
            <ns3:hr>144</ns3:hr>
            <ns3:cad>87</ns3:cad>
          </ns3:TrackPointExtension>
        </extensions>
      </trkpt>
      <trkpt lat="49.2394058592617511749267578125" lon="-123.1172824837267398834228515625">
        <ele>102.0</ele>
        <time>2025-05-04T14:08:02.000Z</time>
        <extensions>
          <ns3:TrackPointExtension>
            <ns3:atemp>14.0</ns3:atemp>
            <ns3:hr>142</ns3:hr>
            <ns3:cad>89</ns3:cad>
          </ns3:TrackPointExtension>
        </extensions>
      </trkpt>
      <trkpt lat="49.23938230611383914947509765625" lon="-123.11725608073174953460693359375">
        <ele>102.1999969482421875</ele>
        <time>2025-05-04T14:08:03.000Z</time>
        <extensions>
          <ns3:TrackPointExtension>
            <ns3:atemp>14.0</ns3:atemp>
            <ns3:hr>143</ns3:hr>
            <ns3:cad>86</ns3:cad>
          </ns3:TrackPointExtension>
        </extensions>
      </trkpt>
      <trkpt lat="49.23936118371784687042236328125" lon="-123.1172288395464420318603515625">
        <ele>102.1999969482421875</ele>
        <time>2025-05-04T14:08:04.000Z</time>
        <extensions>
          <ns3:TrackPointExtension>
            <ns3:atemp>14.0</ns3:atemp>
            <ns3:hr>147</ns3:hr>
            <ns3:cad>86</ns3:cad>
          </ns3:TrackPointExtension>
        </extensions>
      </trkpt>
      <trkpt lat="49.23933394253253936767578125" lon="-123.1172083877027034759521484375">
        <ele>102.1999969482421875</ele>
        <time>2025-05-04T14:08:05.000Z</time>
        <extensions>
          <ns3:TrackPointExtension>
            <ns3:atemp>14.0</ns3:atemp>
            <ns3:hr>142</ns3:hr>
            <ns3:cad>87</ns3:cad>
          </ns3:TrackPointExtension>
        </extensions>
      </trkpt>
      <trkpt lat="49.239306114614009857177734375" lon="-123.117173351347446441650390625">
        <ele>102.1999969482421875</ele>
        <time>2025-05-04T14:08:06.000Z</time>
        <extensions>
          <ns3:TrackPointExtension>
            <ns3:atemp>14.0</ns3:atemp>
            <ns3:hr>147</ns3:hr>
            <ns3:cad>84</ns3:cad>
          </ns3:TrackPointExtension>
        </extensions>
      </trkpt>
      <trkpt lat="49.239279963076114654541015625" lon="-123.11714393086731433868408203125">
        <ele>102.1999969482421875</ele>
        <time>2025-05-04T14:08:07.000Z</time>
        <extensions>
          <ns3:TrackPointExtension>
            <ns3:atemp>14.0</ns3:atemp>
            <ns3:hr>143</ns3:hr>
            <ns3:cad>85</ns3:cad>
          </ns3:TrackPointExtension>
        </extensions>
      </trkpt>
      <trkpt lat="49.23925389535725116729736328125" lon="-123.11711601912975311279296875">
        <ele>102.1999969482421875</ele>
        <time>2025-05-04T14:08:08.000Z</time>
        <extensions>
          <ns3:TrackPointExtension>
            <ns3:atemp>14.0</ns3:atemp>
            <ns3:hr>149</ns3:hr>
            <ns3:cad>85</ns3:cad>
          </ns3:TrackPointExtension>
        </extensions>
      </trkpt>
      <trkpt lat="49.239231012761592864990234375" lon="-123.11708651483058929443359375">
        <ele>102.1999969482421875</ele>
        <time>2025-05-04T14:08:09.000Z</time>
        <extensions>
          <ns3:TrackPointExtension>
            <ns3:atemp>14.0</ns3:atemp>
            <ns3:hr>148</ns3:hr>
            <ns3:cad>86</ns3:cad>
          </ns3:TrackPointExtension>
        </extensions>
      </trkpt>
      <trkpt lat="49.2392030172049999237060546875" lon="-123.1170531548559665679931640625">
        <ele>102.1999969482421875</ele>
        <time>2025-05-04T14:08:10.000Z</time>
        <extensions>
          <ns3:TrackPointExtension>
            <ns3:atemp>14.0</ns3:atemp>
            <ns3:hr>145</ns3:hr>
            <ns3:cad>85</ns3:cad>
          </ns3:TrackPointExtension>
        </extensions>
      </trkpt>
      <trkpt lat="49.23917762003839015960693359375" lon="-123.117022812366485595703125">
        <ele>102.0</ele>
        <time>2025-05-04T14:08:11.000Z</time>
        <extensions>
          <ns3:TrackPointExtension>
            <ns3:atemp>14.0</ns3:atemp>
            <ns3:hr>146</ns3:hr>
            <ns3:cad>88</ns3:cad>
          </ns3:TrackPointExtension>
        </extensions>
      </trkpt>
      <trkpt lat="49.23915155231952667236328125" lon="-123.11699330806732177734375">
        <ele>102.0</ele>
        <time>2025-05-04T14:08:12.000Z</time>
        <extensions>
          <ns3:TrackPointExtension>
            <ns3:atemp>14.0</ns3:atemp>
            <ns3:hr>146</ns3:hr>
            <ns3:cad>86</ns3:cad>
          </ns3:TrackPointExtension>
        </extensions>
      </trkpt>
      <trkpt lat="49.23912565223872661590576171875" lon="-123.1169643066823482513427734375">
        <ele>102.1999969482421875</ele>
        <time>2025-05-04T14:08:13.000Z</time>
        <extensions>
          <ns3:TrackPointExtension>
            <ns3:atemp>14.0</ns3:atemp>
            <ns3:hr>142</ns3:hr>
            <ns3:cad>87</ns3:cad>
          </ns3:TrackPointExtension>
        </extensions>
      </trkpt>
      <trkpt lat="49.23910503275692462921142578125" lon="-123.11693756841123104095458984375">
        <ele>102.1999969482421875</ele>
        <time>2025-05-04T14:08:14.000Z</time>
        <extensions>
          <ns3:TrackPointExtension>
            <ns3:atemp>14.0</ns3:atemp>
            <ns3:hr>147</ns3:hr>
            <ns3:cad>84</ns3:cad>
          </ns3:TrackPointExtension>
        </extensions>
      </trkpt>
      <trkpt lat="49.23907636664807796478271484375" lon="-123.11691124923527240753173828125">
        <ele>102.1999969482421875</ele>
        <time>2025-05-04T14:08:15.000Z</time>
        <extensions>
          <ns3:TrackPointExtension>
            <ns3:atemp>14.0</ns3:atemp>
            <ns3:hr>146</ns3:hr>
            <ns3:cad>88</ns3:cad>
          </ns3:TrackPointExtension>
        </extensions>
      </trkpt>
      <trkpt lat="49.2390494607388973236083984375" lon="-123.11689163558185100555419921875">
        <ele>102.1999969482421875</ele>
        <time>2025-05-04T14:08:16.000Z</time>
        <extensions>
          <ns3:TrackPointExtension>
            <ns3:atemp>14.0</ns3:atemp>
            <ns3:hr>145</ns3:hr>
            <ns3:cad>86</ns3:cad>
          </ns3:TrackPointExtension>
        </extensions>
      </trkpt>
      <trkpt lat="49.2390236444771289825439453125" lon="-123.116859532892704010009765625">
        <ele>102.1999969482421875</ele>
        <time>2025-05-04T14:08:17.000Z</time>
        <extensions>
          <ns3:TrackPointExtension>
            <ns3:atemp>14.0</ns3:atemp>
            <ns3:hr>147</ns3:hr>
            <ns3:cad>87</ns3:cad>
          </ns3:TrackPointExtension>
        </extensions>
      </trkpt>
      <trkpt lat="49.2389978282153606414794921875" lon="-123.1168325431644916534423828125">
        <ele>102.1999969482421875</ele>
        <time>2025-05-04T14:08:18.000Z</time>
        <extensions>
          <ns3:TrackPointExtension>
            <ns3:atemp>14.0</ns3:atemp>
            <ns3:hr>145</ns3:hr>
            <ns3:cad>84</ns3:cad>
          </ns3:TrackPointExtension>
        </extensions>
      </trkpt>
      <trkpt lat="49.23897377215325832366943359375" lon="-123.11680932529270648956298828125">
        <ele>102.1999969482421875</ele>
        <time>2025-05-04T14:08:19.000Z</time>
        <extensions>
          <ns3:TrackPointExtension>
            <ns3:atemp>14.0</ns3:atemp>
            <ns3:hr>144</ns3:hr>
            <ns3:cad>86</ns3:cad>
          </ns3:TrackPointExtension>
        </extensions>
      </trkpt>
      <trkpt lat="49.23895415849983692169189453125" lon="-123.11678267084062099456787109375">
        <ele>102.0</ele>
        <time>2025-05-04T14:08:20.000Z</time>
        <extensions>
          <ns3:TrackPointExtension>
            <ns3:atemp>14.0</ns3:atemp>
            <ns3:hr>150</ns3:hr>
            <ns3:cad>85</ns3:cad>
          </ns3:TrackPointExtension>
        </extensions>
      </trkpt>
      <trkpt lat="49.23893068917095661163330078125" lon="-123.116757608950138092041015625">
        <ele>102.0</ele>
        <time>2025-05-04T14:08:21.000Z</time>
        <extensions>
          <ns3:TrackPointExtension>
            <ns3:atemp>14.0</ns3:atemp>
            <ns3:hr>149</ns3:hr>
            <ns3:cad>90</ns3:cad>
          </ns3:TrackPointExtension>
        </extensions>
      </trkpt>
      <trkpt lat="49.23890856094658374786376953125" lon="-123.1167235784232616424560546875">
        <ele>102.1999969482421875</ele>
        <time>2025-05-04T14:08:22.000Z</time>
        <extensions>
          <ns3:TrackPointExtension>
            <ns3:atemp>14.0</ns3:atemp>
            <ns3:hr>146</ns3:hr>
            <ns3:cad>86</ns3:cad>
          </ns3:TrackPointExtension>
        </extensions>
      </trkpt>
      <trkpt lat="49.23888307996094226837158203125" lon="-123.11670295894145965576171875">
        <ele>102.0</ele>
        <time>2025-05-04T14:08:23.000Z</time>
        <extensions>
          <ns3:TrackPointExtension>
            <ns3:atemp>14.0</ns3:atemp>
            <ns3:hr>142</ns3:hr>
            <ns3:cad>85</ns3:cad>
          </ns3:TrackPointExtension>
        </extensions>
      </trkpt>
      <trkpt lat="49.238855503499507904052734375" lon="-123.11667320318520069122314453125">
        <ele>102.1999969482421875</ele>
        <time>2025-05-04T14:08:24.000Z</time>
        <extensions>
          <ns3:TrackPointExtension>
            <ns3:atemp>14.0</ns3:atemp>
            <ns3:hr>147</ns3:hr>
            <ns3:cad>87</ns3:cad>
          </ns3:TrackPointExtension>
        </extensions>
      </trkpt>
      <trkpt lat="49.23883228562772274017333984375" lon="-123.1166444532573223114013671875">
        <ele>102.1999969482421875</ele>
        <time>2025-05-04T14:08:25.000Z</time>
        <extensions>
          <ns3:TrackPointExtension>
            <ns3:atemp>14.0</ns3:atemp>
            <ns3:hr>146</ns3:hr>
            <ns3:cad>88</ns3:cad>
          </ns3:TrackPointExtension>
        </extensions>
      </trkpt>
      <trkpt lat="49.2388040386140346527099609375" lon="-123.1166112609207630157470703125">
        <ele>102.1999969482421875</ele>
        <time>2025-05-04T14:08:26.000Z</time>
        <extensions>
          <ns3:TrackPointExtension>
            <ns3:atemp>14.0</ns3:atemp>
            <ns3:hr>146</ns3:hr>
            <ns3:cad>88</ns3:cad>
          </ns3:TrackPointExtension>
        </extensions>
      </trkpt>
      <trkpt lat="49.2387775518000125885009765625" lon="-123.11658821068704128265380859375">
        <ele>102.0</ele>
        <time>2025-05-04T14:08:27.000Z</time>
        <extensions>
          <ns3:TrackPointExtension>
            <ns3:atemp>14.0</ns3:atemp>
            <ns3:hr>145</ns3:hr>
            <ns3:cad>85</ns3:cad>
          </ns3:TrackPointExtension>
        </extensions>
      </trkpt>
      <trkpt lat="49.23875131644308567047119140625" lon="-123.11656557954847812652587890625">
        <ele>101.8000030517578125</ele>
        <time>2025-05-04T14:08:28.000Z</time>
        <extensions>
          <ns3:TrackPointExtension>
            <ns3:atemp>14.0</ns3:atemp>
            <ns3:hr>147</ns3:hr>
            <ns3:cad>85</ns3:cad>
          </ns3:TrackPointExtension>
        </extensions>
      </trkpt>
      <trkpt lat="49.23872516490519046783447265625" lon="-123.11653942801058292388916015625">
        <ele>102.0</ele>
        <time>2025-05-04T14:08:29.000Z</time>
        <extensions>
          <ns3:TrackPointExtension>
            <ns3:atemp>14.0</ns3:atemp>
            <ns3:hr>149</ns3:hr>
            <ns3:cad>87</ns3:cad>
          </ns3:TrackPointExtension>
        </extensions>
      </trkpt>
      <trkpt lat="49.238697588443756103515625" lon="-123.11651654541492462158203125">
        <ele>101.8000030517578125</ele>
        <time>2025-05-04T14:08:30.000Z</time>
        <extensions>
          <ns3:TrackPointExtension>
            <ns3:atemp>14.0</ns3:atemp>
            <ns3:hr>148</ns3:hr>
            <ns3:cad>86</ns3:cad>
          </ns3:TrackPointExtension>
        </extensions>
      </trkpt>
      <trkpt lat="49.23867277801036834716796875" lon="-123.116491734981536865234375">
        <ele>101.8000030517578125</ele>
        <time>2025-05-04T14:08:31.000Z</time>
        <extensions>
          <ns3:TrackPointExtension>
            <ns3:atemp>14.0</ns3:atemp>
            <ns3:hr>147</ns3:hr>
            <ns3:cad>90</ns3:cad>
          </ns3:TrackPointExtension>
        </extensions>
      </trkpt>
      <trkpt lat="49.2386491410434246063232421875" lon="-123.1164667569100856781005859375">
        <ele>101.8000030517578125</ele>
        <time>2025-05-04T14:08:32.000Z</time>
        <extensions>
          <ns3:TrackPointExtension>
            <ns3:atemp>14.0</ns3:atemp>
            <ns3:hr>148</ns3:hr>
            <ns3:cad>89</ns3:cad>
          </ns3:TrackPointExtension>
        </extensions>
      </trkpt>
      <trkpt lat="49.23862910829484462738037109375" lon="-123.1164385937154293060302734375">
        <ele>102.0</ele>
        <time>2025-05-04T14:08:33.000Z</time>
        <extensions>
          <ns3:TrackPointExtension>
            <ns3:atemp>14.0</ns3:atemp>
            <ns3:hr>148</ns3:hr>
            <ns3:cad>87</ns3:cad>
          </ns3:TrackPointExtension>
        </extensions>
      </trkpt>
      <trkpt lat="49.23860262148082256317138671875" lon="-123.116417638957500457763671875">
        <ele>102.0</ele>
        <time>2025-05-04T14:08:34.000Z</time>
        <extensions>
          <ns3:TrackPointExtension>
            <ns3:atemp>14.0</ns3:atemp>
            <ns3:hr>148</ns3:hr>
            <ns3:cad>86</ns3:cad>
          </ns3:TrackPointExtension>
        </extensions>
      </trkpt>
      <trkpt lat="49.23857663758099079132080078125" lon="-123.11639584600925445556640625">
        <ele>102.1999969482421875</ele>
        <time>2025-05-04T14:08:35.000Z</time>
        <extensions>
          <ns3:TrackPointExtension>
            <ns3:atemp>14.0</ns3:atemp>
            <ns3:hr>148</ns3:hr>
            <ns3:cad>87</ns3:cad>
          </ns3:TrackPointExtension>
        </extensions>
      </trkpt>
      <trkpt lat="49.238550402224063873291015625" lon="-123.1163819320499897003173828125">
        <ele>102.40000152587890625</ele>
        <time>2025-05-04T14:08:36.000Z</time>
        <extensions>
          <ns3:TrackPointExtension>
            <ns3:atemp>14.0</ns3:atemp>
            <ns3:hr>149</ns3:hr>
            <ns3:cad>85</ns3:cad>
          </ns3:TrackPointExtension>
        </extensions>
      </trkpt>
      <trkpt lat="49.23852257430553436279296875" lon="-123.1163656711578369140625">
        <ele>102.40000152587890625</ele>
        <time>2025-05-04T14:08:37.000Z</time>
        <extensions>
          <ns3:TrackPointExtension>
            <ns3:atemp>14.0</ns3:atemp>
            <ns3:hr>149</ns3:hr>
            <ns3:cad>85</ns3:cad>
          </ns3:TrackPointExtension>
        </extensions>
      </trkpt>
      <trkpt lat="49.2384905554354190826416015625" lon="-123.1163413636386394500732421875">
        <ele>102.40000152587890625</ele>
        <time>2025-05-04T14:08:38.000Z</time>
        <extensions>
          <ns3:TrackPointExtension>
            <ns3:atemp>14.0</ns3:atemp>
            <ns3:hr>149</ns3:hr>
            <ns3:cad>87</ns3:cad>
          </ns3:TrackPointExtension>
        </extensions>
      </trkpt>
      <trkpt lat="49.23846113495528697967529296875" lon="-123.1163296289741992950439453125">
        <ele>102.59999847412109375</ele>
        <time>2025-05-04T14:08:39.000Z</time>
        <extensions>
          <ns3:TrackPointExtension>
            <ns3:atemp>14.0</ns3:atemp>
            <ns3:hr>149</ns3:hr>
            <ns3:cad>83</ns3:cad>
          </ns3:TrackPointExtension>
        </extensions>
      </trkpt>
      <trkpt lat="49.2384369112551212310791015625" lon="-123.11631462536752223968505859375">
        <ele>102.59999847412109375</ele>
        <time>2025-05-04T14:08:40.000Z</time>
        <extensions>
          <ns3:TrackPointExtension>
            <ns3:atemp>14.0</ns3:atemp>
            <ns3:hr>148</ns3:hr>
            <ns3:cad>86</ns3:cad>
          </ns3:TrackPointExtension>
        </extensions>
      </trkpt>
      <trkpt lat="49.238409586250782012939453125" lon="-123.116298280656337738037109375">
        <ele>102.8000030517578125</ele>
        <time>2025-05-04T14:08:41.000Z</time>
        <extensions>
          <ns3:TrackPointExtension>
            <ns3:atemp>14.0</ns3:atemp>
            <ns3:hr>148</ns3:hr>
            <ns3:cad>82</ns3:cad>
          </ns3:TrackPointExtension>
        </extensions>
      </trkpt>
      <trkpt lat="49.238383769989013671875" lon="-123.11628495343029499053955078125">
        <ele>102.8000030517578125</ele>
        <time>2025-05-04T14:08:42.000Z</time>
        <extensions>
          <ns3:TrackPointExtension>
            <ns3:atemp>14.0</ns3:atemp>
            <ns3:hr>145</ns3:hr>
            <ns3:cad>86</ns3:cad>
          </ns3:TrackPointExtension>
        </extensions>
      </trkpt>
      <trkpt lat="49.238356612622737884521484375" lon="-123.11626441776752471923828125">
        <ele>103.0</ele>
        <time>2025-05-04T14:08:43.000Z</time>
        <extensions>
          <ns3:TrackPointExtension>
            <ns3:atemp>14.0</ns3:atemp>
            <ns3:hr>151</ns3:hr>
            <ns3:cad>87</ns3:cad>
          </ns3:TrackPointExtension>
        </extensions>
      </trkpt>
      <trkpt lat="49.2383287847042083740234375" lon="-123.11624698340892791748046875">
        <ele>103.0</ele>
        <time>2025-05-04T14:08:44.000Z</time>
        <extensions>
          <ns3:TrackPointExtension>
            <ns3:atemp>14.0</ns3:atemp>
            <ns3:hr>147</ns3:hr>
            <ns3:cad>86</ns3:cad>
          </ns3:TrackPointExtension>
        </extensions>
      </trkpt>
      <trkpt lat="49.23830263316631317138671875" lon="-123.1162313930690288543701171875">
        <ele>103.1999969482421875</ele>
        <time>2025-05-04T14:08:45.000Z</time>
        <extensions>
          <ns3:TrackPointExtension>
            <ns3:atemp>14.0</ns3:atemp>
            <ns3:hr>146</ns3:hr>
            <ns3:cad>86</ns3:cad>
          </ns3:TrackPointExtension>
        </extensions>
      </trkpt>
      <trkpt lat="49.238273464143276214599609375" lon="-123.11622083187103271484375">
        <ele>103.0</ele>
        <time>2025-05-04T14:08:46.000Z</time>
        <extensions>
          <ns3:TrackPointExtension>
            <ns3:atemp>14.0</ns3:atemp>
            <ns3:hr>145</ns3:hr>
            <ns3:cad>86</ns3:cad>
          </ns3:TrackPointExtension>
        </extensions>
      </trkpt>
      <trkpt lat="49.2382424511015415191650390625" lon="-123.116217143833637237548828125">
        <ele>102.8000030517578125</ele>
        <time>2025-05-04T14:08:47.000Z</time>
        <extensions>
          <ns3:TrackPointExtension>
            <ns3:atemp>14.0</ns3:atemp>
            <ns3:hr>147</ns3:hr>
            <ns3:cad>83</ns3:cad>
          </ns3:TrackPointExtension>
        </extensions>
      </trkpt>
      <trkpt lat="49.23821537755429744720458984375" lon="-123.11621320433914661407470703125">
        <ele>102.40000152587890625</ele>
        <time>2025-05-04T14:08:48.000Z</time>
        <extensions>
          <ns3:TrackPointExtension>
            <ns3:atemp>14.0</ns3:atemp>
            <ns3:hr>150</ns3:hr>
            <ns3:cad>86</ns3:cad>
          </ns3:TrackPointExtension>
        </extensions>
      </trkpt>
      <trkpt lat="49.238184951245784759521484375" lon="-123.11621152795851230621337890625">
        <ele>102.1999969482421875</ele>
        <time>2025-05-04T14:08:49.000Z</time>
        <extensions>
          <ns3:TrackPointExtension>
            <ns3:atemp>14.0</ns3:atemp>
            <ns3:hr>154</ns3:hr>
            <ns3:cad>85</ns3:cad>
          </ns3:TrackPointExtension>
        </extensions>
      </trkpt>
      <trkpt lat="49.23815511167049407958984375" lon="-123.1162109412252902984619140625">
        <ele>102.0</ele>
        <time>2025-05-04T14:08:50.000Z</time>
        <extensions>
          <ns3:TrackPointExtension>
            <ns3:atemp>14.0</ns3:atemp>
            <ns3:hr>149</ns3:hr>
            <ns3:cad>85</ns3:cad>
          </ns3:TrackPointExtension>
        </extensions>
      </trkpt>
      <trkpt lat="49.23813004978001117706298828125" lon="-123.1162025593221187591552734375">
        <ele>101.59999847412109375</ele>
        <time>2025-05-04T14:08:51.000Z</time>
        <extensions>
          <ns3:TrackPointExtension>
            <ns3:atemp>14.0</ns3:atemp>
            <ns3:hr>150</ns3:hr>
            <ns3:cad>88</ns3:cad>
          </ns3:TrackPointExtension>
        </extensions>
      </trkpt>
      <trkpt lat="49.238100461661815643310546875" lon="-123.1161945126950740814208984375">
        <ele>101.1999969482421875</ele>
        <time>2025-05-04T14:08:52.000Z</time>
        <extensions>
          <ns3:TrackPointExtension>
            <ns3:atemp>14.0</ns3:atemp>
            <ns3:hr>149</ns3:hr>
            <ns3:cad>85</ns3:cad>
          </ns3:TrackPointExtension>
        </extensions>
      </trkpt>
      <trkpt lat="49.23807171173393726348876953125" lon="-123.116196356713771820068359375">
        <ele>101.1999969482421875</ele>
        <time>2025-05-04T14:08:53.000Z</time>
        <extensions>
          <ns3:TrackPointExtension>
            <ns3:atemp>14.0</ns3:atemp>
            <ns3:hr>151</ns3:hr>
            <ns3:cad>86</ns3:cad>
          </ns3:TrackPointExtension>
        </extensions>
      </trkpt>
      <trkpt lat="49.23803684301674365997314453125" lon="-123.1161958537995815277099609375">
        <ele>101.1999969482421875</ele>
        <time>2025-05-04T14:08:54.000Z</time>
        <extensions>
          <ns3:TrackPointExtension>
            <ns3:atemp>14.0</ns3:atemp>
            <ns3:hr>152</ns3:hr>
            <ns3:cad>86</ns3:cad>
          </ns3:TrackPointExtension>
        </extensions>
      </trkpt>
      <trkpt lat="49.23801052384078502655029296875" lon="-123.11619375832378864288330078125">
        <ele>101.1999969482421875</ele>
        <time>2025-05-04T14:08:55.000Z</time>
        <extensions>
          <ns3:TrackPointExtension>
            <ns3:atemp>14.0</ns3:atemp>
            <ns3:hr>152</ns3:hr>
            <ns3:cad>86</ns3:cad>
          </ns3:TrackPointExtension>
        </extensions>
      </trkpt>
      <trkpt lat="49.23797951079905033111572265625" lon="-123.116193674504756927490234375">
        <ele>101.0</ele>
        <time>2025-05-04T14:08:56.000Z</time>
        <extensions>
          <ns3:TrackPointExtension>
            <ns3:atemp>14.0</ns3:atemp>
            <ns3:hr>149</ns3:hr>
            <ns3:cad>84</ns3:cad>
          </ns3:TrackPointExtension>
        </extensions>
      </trkpt>
      <trkpt lat="49.2379470728337764739990234375" lon="-123.1161914952099323272705078125">
        <ele>101.0</ele>
        <time>2025-05-04T14:08:57.000Z</time>
        <extensions>
          <ns3:TrackPointExtension>
            <ns3:atemp>14.0</ns3:atemp>
            <ns3:hr>150</ns3:hr>
            <ns3:cad>85</ns3:cad>
          </ns3:TrackPointExtension>
        </extensions>
      </trkpt>
      <trkpt lat="49.237919412553310394287109375" lon="-123.1161918304860591888427734375">
        <ele>101.0</ele>
        <time>2025-05-04T14:08:58.000Z</time>
        <extensions>
          <ns3:TrackPointExtension>
            <ns3:atemp>14.0</ns3:atemp>
            <ns3:hr>146</ns3:hr>
            <ns3:cad>85</ns3:cad>
          </ns3:TrackPointExtension>
        </extensions>
      </trkpt>
      <trkpt lat="49.23788965679705142974853515625" lon="-123.11619241721928119659423828125">
        <ele>101.0</ele>
        <time>2025-05-04T14:08:59.000Z</time>
        <extensions>
          <ns3:TrackPointExtension>
            <ns3:atemp>14.0</ns3:atemp>
            <ns3:hr>152</ns3:hr>
            <ns3:cad>85</ns3:cad>
          </ns3:TrackPointExtension>
        </extensions>
      </trkpt>
      <trkpt lat="49.237853027880191802978515625" lon="-123.11619794927537441253662109375">
        <ele>101.0</ele>
        <time>2025-05-04T14:09:00.000Z</time>
        <extensions>
          <ns3:TrackPointExtension>
            <ns3:atemp>14.0</ns3:atemp>
            <ns3:hr>152</ns3:hr>
            <ns3:cad>84</ns3:cad>
          </ns3:TrackPointExtension>
        </extensions>
      </trkpt>
      <trkpt lat="49.23782226629555225372314453125" lon="-123.11619442887604236602783203125">
        <ele>101.0</ele>
        <time>2025-05-04T14:09:01.000Z</time>
        <extensions>
          <ns3:TrackPointExtension>
            <ns3:atemp>14.0</ns3:atemp>
            <ns3:hr>149</ns3:hr>
            <ns3:cad>87</ns3:cad>
          </ns3:TrackPointExtension>
        </extensions>
      </trkpt>
      <trkpt lat="49.2377935163676738739013671875" lon="-123.11618688516318798065185546875">
        <ele>101.0</ele>
        <time>2025-05-04T14:09:02.000Z</time>
        <extensions>
          <ns3:TrackPointExtension>
            <ns3:atemp>14.0</ns3:atemp>
            <ns3:hr>151</ns3:hr>
            <ns3:cad>86</ns3:cad>
          </ns3:TrackPointExtension>
        </extensions>
      </trkpt>
      <trkpt lat="49.2377673648297786712646484375" lon="-123.11619392596185207366943359375">
        <ele>101.0</ele>
        <time>2025-05-04T14:09:03.000Z</time>
        <extensions>
          <ns3:TrackPointExtension>
            <ns3:atemp>14.0</ns3:atemp>
            <ns3:hr>151</ns3:hr>
            <ns3:cad>88</ns3:cad>
          </ns3:TrackPointExtension>
        </extensions>
      </trkpt>
      <trkpt lat="49.23773408867418766021728515625" lon="-123.11619392596185207366943359375">
        <ele>101.0</ele>
        <time>2025-05-04T14:09:04.000Z</time>
        <extensions>
          <ns3:TrackPointExtension>
            <ns3:atemp>14.0</ns3:atemp>
            <ns3:hr>149</ns3:hr>
            <ns3:cad>85</ns3:cad>
          </ns3:TrackPointExtension>
        </extensions>
      </trkpt>
      <trkpt lat="49.2377066798508167266845703125" lon="-123.11619861982762813568115234375">
        <ele>100.8000030517578125</ele>
        <time>2025-05-04T14:09:05.000Z</time>
        <extensions>
          <ns3:TrackPointExtension>
            <ns3:atemp>14.0</ns3:atemp>
            <ns3:hr>151</ns3:hr>
            <ns3:cad>85</ns3:cad>
          </ns3:TrackPointExtension>
        </extensions>
      </trkpt>
      <trkpt lat="49.23768145032227039337158203125" lon="-123.11619459651410579681396484375">
        <ele>100.8000030517578125</ele>
        <time>2025-05-04T14:09:06.000Z</time>
        <extensions>
          <ns3:TrackPointExtension>
            <ns3:atemp>14.0</ns3:atemp>
            <ns3:hr>151</ns3:hr>
            <ns3:cad>83</ns3:cad>
          </ns3:TrackPointExtension>
        </extensions>
      </trkpt>
      <trkpt lat="49.23765261657536029815673828125" lon="-123.11619560234248638153076171875">
        <ele>100.8000030517578125</ele>
        <time>2025-05-04T14:09:07.000Z</time>
        <extensions>
          <ns3:TrackPointExtension>
            <ns3:atemp>14.0</ns3:atemp>
            <ns3:hr>151</ns3:hr>
            <ns3:cad>88</ns3:cad>
          </ns3:TrackPointExtension>
        </extensions>
      </trkpt>
      <trkpt lat="49.23762713558971881866455078125" lon="-123.11619442887604236602783203125">
        <ele>100.8000030517578125</ele>
        <time>2025-05-04T14:09:08.000Z</time>
        <extensions>
          <ns3:TrackPointExtension>
            <ns3:atemp>14.0</ns3:atemp>
            <ns3:hr>150</ns3:hr>
            <ns3:cad>86</ns3:cad>
          </ns3:TrackPointExtension>
        </extensions>
      </trkpt>
      <trkpt lat="49.23760098405182361602783203125" lon="-123.11619828455150127410888671875">
        <ele>100.8000030517578125</ele>
        <time>2025-05-04T14:09:09.000Z</time>
        <extensions>
          <ns3:TrackPointExtension>
            <ns3:atemp>14.0</ns3:atemp>
            <ns3:hr>146</ns3:hr>
            <ns3:cad>83</ns3:cad>
          </ns3:TrackPointExtension>
        </extensions>
      </trkpt>
      <trkpt lat="49.23757416196167469024658203125" lon="-123.11619845218956470489501953125">
        <ele>100.59999847412109375</ele>
        <time>2025-05-04T14:09:10.000Z</time>
        <extensions>
          <ns3:TrackPointExtension>
            <ns3:atemp>14.0</ns3:atemp>
            <ns3:hr>151</ns3:hr>
            <ns3:cad>85</ns3:cad>
          </ns3:TrackPointExtension>
        </extensions>
      </trkpt>
      <trkpt lat="49.23754449002444744110107421875" lon="-123.1161965243518352508544921875">
        <ele>100.59999847412109375</ele>
        <time>2025-05-04T14:09:11.000Z</time>
        <extensions>
          <ns3:TrackPointExtension>
            <ns3:atemp>14.0</ns3:atemp>
            <ns3:hr>154</ns3:hr>
            <ns3:cad>86</ns3:cad>
          </ns3:TrackPointExtension>
        </extensions>
      </trkpt>
      <trkpt lat="49.23751515336334705352783203125" lon="-123.1161911599338054656982421875">
        <ele>100.40000152587890625</ele>
        <time>2025-05-04T14:09:12.000Z</time>
        <extensions>
          <ns3:TrackPointExtension>
            <ns3:atemp>14.0</ns3:atemp>
            <ns3:hr>153</ns3:hr>
            <ns3:cad>83</ns3:cad>
          </ns3:TrackPointExtension>
        </extensions>
      </trkpt>
      <trkpt lat="49.2374865710735321044921875" lon="-123.11619292013347148895263671875">
        <ele>100.1999969482421875</ele>
        <time>2025-05-04T14:09:13.000Z</time>
        <extensions>
          <ns3:TrackPointExtension>
            <ns3:atemp>14.0</ns3:atemp>
            <ns3:hr>152</ns3:hr>
            <ns3:cad>86</ns3:cad>
          </ns3:TrackPointExtension>
        </extensions>
      </trkpt>
      <trkpt lat="49.2374585755169391632080078125" lon="-123.11619878746569156646728515625">
        <ele>100.1999969482421875</ele>
        <time>2025-05-04T14:09:14.000Z</time>
        <extensions>
          <ns3:TrackPointExtension>
            <ns3:atemp>14.0</ns3:atemp>
            <ns3:hr>150</ns3:hr>
            <ns3:cad>86</ns3:cad>
          </ns3:TrackPointExtension>
        </extensions>
      </trkpt>
      <trkpt lat="49.237429238855838775634765625" lon="-123.11619761399924755096435546875">
        <ele>100.1999969482421875</ele>
        <time>2025-05-04T14:09:15.000Z</time>
        <extensions>
          <ns3:TrackPointExtension>
            <ns3:atemp>14.0</ns3:atemp>
            <ns3:hr>148</ns3:hr>
            <ns3:cad>88</ns3:cad>
          </ns3:TrackPointExtension>
        </extensions>
      </trkpt>
      <trkpt lat="49.237402416765689849853515625" lon="-123.11620398424565792083740234375">
        <ele>100.1999969482421875</ele>
        <time>2025-05-04T14:09:16.000Z</time>
        <extensions>
          <ns3:TrackPointExtension>
            <ns3:atemp>14.0</ns3:atemp>
            <ns3:hr>153</ns3:hr>
            <ns3:cad>85</ns3:cad>
          </ns3:TrackPointExtension>
        </extensions>
      </trkpt>
      <trkpt lat="49.23737366683781147003173828125" lon="-123.1162052415311336517333984375">
        <ele>100.1999969482421875</ele>
        <time>2025-05-04T14:09:17.000Z</time>
        <extensions>
          <ns3:TrackPointExtension>
            <ns3:atemp>14.0</ns3:atemp>
            <ns3:hr>152</ns3:hr>
            <ns3:cad>87</ns3:cad>
          </ns3:TrackPointExtension>
        </extensions>
      </trkpt>
      <trkpt lat="49.23734567128121852874755859375" lon="-123.116202391684055328369140625">
        <ele>100.1999969482421875</ele>
        <time>2025-05-04T14:09:18.000Z</time>
        <extensions>
          <ns3:TrackPointExtension>
            <ns3:atemp>14.0</ns3:atemp>
            <ns3:hr>152</ns3:hr>
            <ns3:cad>84</ns3:cad>
          </ns3:TrackPointExtension>
        </extensions>
      </trkpt>
      <trkpt lat="49.2373167537152767181396484375" lon="-123.11619602143764495849609375">
        <ele>100.1999969482421875</ele>
        <time>2025-05-04T14:09:19.000Z</time>
        <extensions>
          <ns3:TrackPointExtension>
            <ns3:atemp>14.0</ns3:atemp>
            <ns3:hr>152</ns3:hr>
            <ns3:cad>87</ns3:cad>
          </ns3:TrackPointExtension>
        </extensions>
      </trkpt>
      <trkpt lat="49.23728649504482746124267578125" lon="-123.11619224958121776580810546875">
        <ele>100.1999969482421875</ele>
        <time>2025-05-04T14:09:20.000Z</time>
        <extensions>
          <ns3:TrackPointExtension>
            <ns3:atemp>14.0</ns3:atemp>
            <ns3:hr>152</ns3:hr>
            <ns3:cad>87</ns3:cad>
          </ns3:TrackPointExtension>
        </extensions>
      </trkpt>
      <trkpt lat="49.23725514672696590423583984375" lon="-123.1161931715905666351318359375">
        <ele>100.1999969482421875</ele>
        <time>2025-05-04T14:09:21.000Z</time>
        <extensions>
          <ns3:TrackPointExtension>
            <ns3:atemp>14.0</ns3:atemp>
            <ns3:hr>154</ns3:hr>
            <ns3:cad>85</ns3:cad>
          </ns3:TrackPointExtension>
        </extensions>
      </trkpt>
      <trkpt lat="49.23722715117037296295166015625" lon="-123.11619644053280353546142578125">
        <ele>100.0</ele>
        <time>2025-05-04T14:09:22.000Z</time>
        <extensions>
          <ns3:TrackPointExtension>
            <ns3:atemp>14.0</ns3:atemp>
            <ns3:hr>154</ns3:hr>
            <ns3:cad>87</ns3:cad>
          </ns3:TrackPointExtension>
        </extensions>
      </trkpt>
      <trkpt lat="49.23719798214733600616455078125" lon="-123.116197697818279266357421875">
        <ele>100.0</ele>
        <time>2025-05-04T14:09:23.000Z</time>
        <extensions>
          <ns3:TrackPointExtension>
            <ns3:atemp>14.0</ns3:atemp>
            <ns3:hr>154</ns3:hr>
            <ns3:cad>87</ns3:cad>
          </ns3:TrackPointExtension>
        </extensions>
      </trkpt>
      <trkpt lat="49.23717065714299678802490234375" lon="-123.11620582826435565948486328125">
        <ele>100.0</ele>
        <time>2025-05-04T14:09:24.000Z</time>
        <extensions>
          <ns3:TrackPointExtension>
            <ns3:atemp>14.0</ns3:atemp>
            <ns3:hr>156</ns3:hr>
            <ns3:cad>87</ns3:cad>
          </ns3:TrackPointExtension>
        </extensions>
      </trkpt>
      <trkpt lat="49.23714232631027698516845703125" lon="-123.11620716936886310577392578125">
        <ele>99.8000030517578125</ele>
        <time>2025-05-04T14:09:25.000Z</time>
        <extensions>
          <ns3:TrackPointExtension>
            <ns3:atemp>14.0</ns3:atemp>
            <ns3:hr>150</ns3:hr>
            <ns3:cad>86</ns3:cad>
          </ns3:TrackPointExtension>
        </extensions>
      </trkpt>
      <trkpt lat="49.23711349256336688995361328125" lon="-123.11620783992111682891845703125">
        <ele>99.8000030517578125</ele>
        <time>2025-05-04T14:09:26.000Z</time>
        <extensions>
          <ns3:TrackPointExtension>
            <ns3:atemp>14.0</ns3:atemp>
            <ns3:hr>155</ns3:hr>
            <ns3:cad>88</ns3:cad>
          </ns3:TrackPointExtension>
        </extensions>
      </trkpt>
      <trkpt lat="49.237082898616790771484375" lon="-123.116212785243988037109375">
        <ele>99.8000030517578125</ele>
        <time>2025-05-04T14:09:27.000Z</time>
        <extensions>
          <ns3:TrackPointExtension>
            <ns3:atemp>14.0</ns3:atemp>
            <ns3:hr>154</ns3:hr>
            <ns3:cad>87</ns3:cad>
          </ns3:TrackPointExtension>
        </extensions>
      </trkpt>
      <trkpt lat="49.23705716617405414581298828125" lon="-123.11621437780559062957763671875">
        <ele>99.40000152587890625</ele>
        <time>2025-05-04T14:09:28.000Z</time>
        <extensions>
          <ns3:TrackPointExtension>
            <ns3:atemp>14.0</ns3:atemp>
            <ns3:hr>153</ns3:hr>
            <ns3:cad>85</ns3:cad>
          </ns3:TrackPointExtension>
        </extensions>
      </trkpt>
      <trkpt lat="49.23702782951295375823974609375" lon="-123.11621655710041522979736328125">
        <ele>99.40000152587890625</ele>
        <time>2025-05-04T14:09:29.000Z</time>
        <extensions>
          <ns3:TrackPointExtension>
            <ns3:atemp>14.0</ns3:atemp>
            <ns3:hr>153</ns3:hr>
            <ns3:cad>88</ns3:cad>
          </ns3:TrackPointExtension>
        </extensions>
      </trkpt>
      <trkpt lat="49.23699648119509220123291015625" lon="-123.1162149645388126373291015625">
        <ele>99.40000152587890625</ele>
        <time>2025-05-04T14:09:30.000Z</time>
        <extensions>
          <ns3:TrackPointExtension>
            <ns3:atemp>14.0</ns3:atemp>
            <ns3:hr>155</ns3:hr>
            <ns3:cad>87</ns3:cad>
          </ns3:TrackPointExtension>
        </extensions>
      </trkpt>
      <trkpt lat="49.2369653843343257904052734375" lon="-123.11621706001460552215576171875">
        <ele>99.1999969482421875</ele>
        <time>2025-05-04T14:09:31.000Z</time>
        <extensions>
          <ns3:TrackPointExtension>
            <ns3:atemp>14.0</ns3:atemp>
            <ns3:hr>151</ns3:hr>
            <ns3:cad>87</ns3:cad>
          </ns3:TrackPointExtension>
        </extensions>
      </trkpt>
      <trkpt lat="49.23693562857806682586669921875" lon="-123.1162159703671932220458984375">
        <ele>99.1999969482421875</ele>
        <time>2025-05-04T14:09:32.000Z</time>
        <extensions>
          <ns3:TrackPointExtension>
            <ns3:atemp>14.0</ns3:atemp>
            <ns3:hr>150</ns3:hr>
            <ns3:cad>87</ns3:cad>
          </ns3:TrackPointExtension>
        </extensions>
      </trkpt>
      <trkpt lat="49.236908219754695892333984375" lon="-123.116223849356174468994140625">
        <ele>99.1999969482421875</ele>
        <time>2025-05-04T14:09:33.000Z</time>
        <extensions>
          <ns3:TrackPointExtension>
            <ns3:atemp>14.0</ns3:atemp>
            <ns3:hr>152</ns3:hr>
            <ns3:cad>84</ns3:cad>
          </ns3:TrackPointExtension>
        </extensions>
      </trkpt>
      <trkpt lat="49.23688584007322788238525390625" lon="-123.11622376553714275360107421875">
        <ele>99.1999969482421875</ele>
        <time>2025-05-04T14:09:34.000Z</time>
        <extensions>
          <ns3:TrackPointExtension>
            <ns3:atemp>14.0</ns3:atemp>
            <ns3:hr>153</ns3:hr>
            <ns3:cad>89</ns3:cad>
          </ns3:TrackPointExtension>
        </extensions>
      </trkpt>
      <trkpt lat="49.23685382120311260223388671875" lon="-123.11622393317520618438720703125">
        <ele>99.0</ele>
        <time>2025-05-04T14:09:35.000Z</time>
        <extensions>
          <ns3:TrackPointExtension>
            <ns3:atemp>14.0</ns3:atemp>
            <ns3:hr>151</ns3:hr>
            <ns3:cad>88</ns3:cad>
          </ns3:TrackPointExtension>
        </extensions>
      </trkpt>
      <trkpt lat="49.2368279211223125457763671875" lon="-123.1162223406136035919189453125">
        <ele>98.8000030517578125</ele>
        <time>2025-05-04T14:09:36.000Z</time>
        <extensions>
          <ns3:TrackPointExtension>
            <ns3:atemp>14.0</ns3:atemp>
            <ns3:hr>153</ns3:hr>
            <ns3:cad>86</ns3:cad>
          </ns3:TrackPointExtension>
        </extensions>
      </trkpt>
      <trkpt lat="49.23679984174668788909912109375" lon="-123.11622125096619129180908203125">
        <ele>98.59999847412109375</ele>
        <time>2025-05-04T14:09:37.000Z</time>
        <extensions>
          <ns3:TrackPointExtension>
            <ns3:atemp>14.0</ns3:atemp>
            <ns3:hr>151</ns3:hr>
            <ns3:cad>86</ns3:cad>
          </ns3:TrackPointExtension>
        </extensions>
      </trkpt>
      <trkpt lat="49.2367719300091266632080078125" lon="-123.11621907167136669158935546875">
        <ele>98.59999847412109375</ele>
        <time>2025-05-04T14:09:38.000Z</time>
        <extensions>
          <ns3:TrackPointExtension>
            <ns3:atemp>14.0</ns3:atemp>
            <ns3:hr>152</ns3:hr>
            <ns3:cad>85</ns3:cad>
          </ns3:TrackPointExtension>
        </extensions>
      </trkpt>
      <trkpt lat="49.23674636520445346832275390625" lon="-123.1162193231284618377685546875">
        <ele>98.59999847412109375</ele>
        <time>2025-05-04T14:09:39.000Z</time>
        <extensions>
          <ns3:TrackPointExtension>
            <ns3:atemp>14.0</ns3:atemp>
            <ns3:hr>152</ns3:hr>
            <ns3:cad>86</ns3:cad>
          </ns3:TrackPointExtension>
        </extensions>
      </trkpt>
      <trkpt lat="49.23671652562916278839111328125" lon="-123.116223514080047607421875">
        <ele>98.59999847412109375</ele>
        <time>2025-05-04T14:09:40.000Z</time>
        <extensions>
          <ns3:TrackPointExtension>
            <ns3:atemp>14.0</ns3:atemp>
            <ns3:hr>155</ns3:hr>
            <ns3:cad>87</ns3:cad>
          </ns3:TrackPointExtension>
        </extensions>
      </trkpt>
      <trkpt lat="49.23669070936739444732666015625" lon="-123.11622284352779388427734375">
        <ele>98.59999847412109375</ele>
        <time>2025-05-04T14:09:41.000Z</time>
        <extensions>
          <ns3:TrackPointExtension>
            <ns3:atemp>14.0</ns3:atemp>
            <ns3:hr>152</ns3:hr>
            <ns3:cad>84</ns3:cad>
          </ns3:TrackPointExtension>
        </extensions>
      </trkpt>
      <trkpt lat="49.23666179180145263671875" lon="-123.11622560955584049224853515625">
        <ele>98.40000152587890625</ele>
        <time>2025-05-04T14:09:42.000Z</time>
        <extensions>
          <ns3:TrackPointExtension>
            <ns3:atemp>14.0</ns3:atemp>
            <ns3:hr>151</ns3:hr>
            <ns3:cad>85</ns3:cad>
          </ns3:TrackPointExtension>
        </extensions>
      </trkpt>
      <trkpt lat="49.23663304187357425689697265625" lon="-123.1162263639271259307861328125">
        <ele>98.59999847412109375</ele>
        <time>2025-05-04T14:09:43.000Z</time>
        <extensions>
          <ns3:TrackPointExtension>
            <ns3:atemp>14.0</ns3:atemp>
            <ns3:hr>151</ns3:hr>
            <ns3:cad>85</ns3:cad>
          </ns3:TrackPointExtension>
        </extensions>
      </trkpt>
      <trkpt lat="49.236604459583759307861328125" lon="-123.116223178803920745849609375">
        <ele>98.59999847412109375</ele>
        <time>2025-05-04T14:09:44.000Z</time>
        <extensions>
          <ns3:TrackPointExtension>
            <ns3:atemp>14.0</ns3:atemp>
            <ns3:hr>153</ns3:hr>
            <ns3:cad>88</ns3:cad>
          </ns3:TrackPointExtension>
        </extensions>
      </trkpt>
      <trkpt lat="49.23657453618943691253662109375" lon="-123.11622820794582366943359375">
        <ele>98.59999847412109375</ele>
        <time>2025-05-04T14:09:45.000Z</time>
        <extensions>
          <ns3:TrackPointExtension>
            <ns3:atemp>14.0</ns3:atemp>
            <ns3:hr>153</ns3:hr>
            <ns3:cad>87</ns3:cad>
          </ns3:TrackPointExtension>
        </extensions>
      </trkpt>
      <trkpt lat="49.2365489713847637176513671875" lon="-123.11623047105967998504638671875">
        <ele>98.40000152587890625</ele>
        <time>2025-05-04T14:09:46.000Z</time>
        <extensions>
          <ns3:TrackPointExtension>
            <ns3:atemp>14.0</ns3:atemp>
            <ns3:hr>155</ns3:hr>
            <ns3:cad>86</ns3:cad>
          </ns3:TrackPointExtension>
        </extensions>
      </trkpt>
      <trkpt lat="49.2365181259810924530029296875" lon="-123.11622963286936283111572265625">
        <ele>98.40000152587890625</ele>
        <time>2025-05-04T14:09:47.000Z</time>
        <extensions>
          <ns3:TrackPointExtension>
            <ns3:atemp>14.0</ns3:atemp>
            <ns3:hr>152</ns3:hr>
            <ns3:cad>86</ns3:cad>
          </ns3:TrackPointExtension>
        </extensions>
      </trkpt>
      <trkpt lat="49.2364896275103092193603515625" lon="-123.116232566535472869873046875">
        <ele>98.40000152587890625</ele>
        <time>2025-05-04T14:09:48.000Z</time>
        <extensions>
          <ns3:TrackPointExtension>
            <ns3:atemp>14.0</ns3:atemp>
            <ns3:hr>153</ns3:hr>
            <ns3:cad>86</ns3:cad>
          </ns3:TrackPointExtension>
        </extensions>
      </trkpt>
      <trkpt lat="49.23646087758243083953857421875" lon="-123.11622879467904567718505859375">
        <ele>98.1999969482421875</ele>
        <time>2025-05-04T14:09:49.000Z</time>
        <extensions>
          <ns3:TrackPointExtension>
            <ns3:atemp>14.0</ns3:atemp>
            <ns3:hr>150</ns3:hr>
            <ns3:cad>85</ns3:cad>
          </ns3:TrackPointExtension>
        </extensions>
      </trkpt>
      <trkpt lat="49.236431121826171875" lon="-123.11622661538422107696533203125">
        <ele>98.1999969482421875</ele>
        <time>2025-05-04T14:09:50.000Z</time>
        <extensions>
          <ns3:TrackPointExtension>
            <ns3:atemp>14.0</ns3:atemp>
            <ns3:hr>152</ns3:hr>
            <ns3:cad>83</ns3:cad>
          </ns3:TrackPointExtension>
        </extensions>
      </trkpt>
      <trkpt lat="49.23640287481248378753662109375" lon="-123.1162261962890625">
        <ele>98.0</ele>
        <time>2025-05-04T14:09:51.000Z</time>
        <extensions>
          <ns3:TrackPointExtension>
            <ns3:atemp>14.0</ns3:atemp>
            <ns3:hr>156</ns3:hr>
            <ns3:cad>86</ns3:cad>
          </ns3:TrackPointExtension>
        </extensions>
      </trkpt>
      <trkpt lat="49.23637253232300281524658203125" lon="-123.116227872669696807861328125">
        <ele>98.0</ele>
        <time>2025-05-04T14:09:52.000Z</time>
        <extensions>
          <ns3:TrackPointExtension>
            <ns3:atemp>14.0</ns3:atemp>
            <ns3:hr>156</ns3:hr>
            <ns3:cad>87</ns3:cad>
          </ns3:TrackPointExtension>
        </extensions>
      </trkpt>
      <trkpt lat="49.2363431118428707122802734375" lon="-123.1162300519645214080810546875">
        <ele>98.0</ele>
        <time>2025-05-04T14:09:53.000Z</time>
        <extensions>
          <ns3:TrackPointExtension>
            <ns3:atemp>14.0</ns3:atemp>
            <ns3:hr>150</ns3:hr>
            <ns3:cad>84</ns3:cad>
          </ns3:TrackPointExtension>
        </extensions>
      </trkpt>
      <trkpt lat="49.236313439905643463134765625" lon="-123.11623516492545604705810546875">
        <ele>97.8000030517578125</ele>
        <time>2025-05-04T14:09:54.000Z</time>
        <extensions>
          <ns3:TrackPointExtension>
            <ns3:atemp>14.0</ns3:atemp>
            <ns3:hr>153</ns3:hr>
            <ns3:cad>84</ns3:cad>
          </ns3:TrackPointExtension>
        </extensions>
      </trkpt>
      <trkpt lat="49.23628561198711395263671875" lon="-123.116239272058010101318359375">
        <ele>97.59999847412109375</ele>
        <time>2025-05-04T14:09:55.000Z</time>
        <extensions>
          <ns3:TrackPointExtension>
            <ns3:atemp>14.0</ns3:atemp>
            <ns3:hr>150</ns3:hr>
            <ns3:cad>86</ns3:cad>
          </ns3:TrackPointExtension>
        </extensions>
      </trkpt>
      <trkpt lat="49.23625409603118896484375" lon="-123.1162411160767078399658203125">
        <ele>97.59999847412109375</ele>
        <time>2025-05-04T14:09:56.000Z</time>
        <extensions>
          <ns3:TrackPointExtension>
            <ns3:atemp>14.0</ns3:atemp>
            <ns3:hr>155</ns3:hr>
            <ns3:cad>85</ns3:cad>
          </ns3:TrackPointExtension>
        </extensions>
      </trkpt>
      <trkpt lat="49.23622651956975460052490234375" lon="-123.11624438501894474029541015625">
        <ele>97.40000152587890625</ele>
        <time>2025-05-04T14:09:57.000Z</time>
        <extensions>
          <ns3:TrackPointExtension>
            <ns3:atemp>14.0</ns3:atemp>
            <ns3:hr>150</ns3:hr>
            <ns3:cad>87</ns3:cad>
          </ns3:TrackPointExtension>
        </extensions>
      </trkpt>
      <trkpt lat="49.2361935786902904510498046875" lon="-123.1162489950656890869140625">
        <ele>97.40000152587890625</ele>
        <time>2025-05-04T14:09:58.000Z</time>
        <extensions>
          <ns3:TrackPointExtension>
            <ns3:atemp>14.0</ns3:atemp>
            <ns3:hr>155</ns3:hr>
            <ns3:cad>85</ns3:cad>
          </ns3:TrackPointExtension>
        </extensions>
      </trkpt>
      <trkpt lat="49.23616482876241207122802734375" lon="-123.11624991707503795623779296875">
        <ele>97.40000152587890625</ele>
        <time>2025-05-04T14:09:59.000Z</time>
        <extensions>
          <ns3:TrackPointExtension>
            <ns3:atemp>14.0</ns3:atemp>
            <ns3:hr>152</ns3:hr>
            <ns3:cad>87</ns3:cad>
          </ns3:TrackPointExtension>
        </extensions>
      </trkpt>
      <trkpt lat="49.23613733612000942230224609375" lon="-123.116247653961181640625">
        <ele>97.1999969482421875</ele>
        <time>2025-05-04T14:10:00.000Z</time>
        <extensions>
          <ns3:TrackPointExtension>
            <ns3:atemp>14.0</ns3:atemp>
            <ns3:hr>152</ns3:hr>
            <ns3:cad>84</ns3:cad>
          </ns3:TrackPointExtension>
        </extensions>
      </trkpt>
      <trkpt lat="49.2361050657927989959716796875" lon="-123.1162541918456554412841796875">
        <ele>97.0</ele>
        <time>2025-05-04T14:10:01.000Z</time>
        <extensions>
          <ns3:TrackPointExtension>
            <ns3:atemp>14.0</ns3:atemp>
            <ns3:hr>154</ns3:hr>
            <ns3:cad>89</ns3:cad>
          </ns3:TrackPointExtension>
        </extensions>
      </trkpt>
      <trkpt lat="49.2360775731503963470458984375" lon="-123.1162558682262897491455078125">
        <ele>97.0</ele>
        <time>2025-05-04T14:10:02.000Z</time>
        <extensions>
          <ns3:TrackPointExtension>
            <ns3:atemp>14.0</ns3:atemp>
            <ns3:hr>153</ns3:hr>
            <ns3:cad>90</ns3:cad>
          </ns3:TrackPointExtension>
        </extensions>
      </trkpt>
      <trkpt lat="49.23604421317577362060546875" lon="-123.1162568740546703338623046875">
        <ele>97.0</ele>
        <time>2025-05-04T14:10:03.000Z</time>
        <extensions>
          <ns3:TrackPointExtension>
            <ns3:atemp>14.0</ns3:atemp>
            <ns3:hr>151</ns3:hr>
            <ns3:cad>87</ns3:cad>
          </ns3:TrackPointExtension>
        </extensions>
      </trkpt>
      <trkpt lat="49.23601261340081691741943359375" lon="-123.1162632443010807037353515625">
        <ele>97.0</ele>
        <time>2025-05-04T14:10:04.000Z</time>
        <extensions>
          <ns3:TrackPointExtension>
            <ns3:atemp>14.0</ns3:atemp>
            <ns3:hr>150</ns3:hr>
            <ns3:cad>86</ns3:cad>
          </ns3:TrackPointExtension>
        </extensions>
      </trkpt>
      <trkpt lat="49.23598126508295536041259765625" lon="-123.116264082491397857666015625">
        <ele>97.0</ele>
        <time>2025-05-04T14:10:05.000Z</time>
        <extensions>
          <ns3:TrackPointExtension>
            <ns3:atemp>14.0</ns3:atemp>
            <ns3:hr>154</ns3:hr>
            <ns3:cad>84</ns3:cad>
          </ns3:TrackPointExtension>
        </extensions>
      </trkpt>
      <trkpt lat="49.2359515093266963958740234375" lon="-123.11626785434782505035400390625">
        <ele>96.8000030517578125</ele>
        <time>2025-05-04T14:10:06.000Z</time>
        <extensions>
          <ns3:TrackPointExtension>
            <ns3:atemp>14.0</ns3:atemp>
            <ns3:hr>154</ns3:hr>
            <ns3:cad>87</ns3:cad>
          </ns3:TrackPointExtension>
        </extensions>
      </trkpt>
      <trkpt lat="49.2359236814081668853759765625" lon="-123.11626601032912731170654296875">
        <ele>96.8000030517578125</ele>
        <time>2025-05-04T14:10:07.000Z</time>
        <extensions>
          <ns3:TrackPointExtension>
            <ns3:atemp>14.0</ns3:atemp>
            <ns3:hr>150</ns3:hr>
            <ns3:cad>87</ns3:cad>
          </ns3:TrackPointExtension>
        </extensions>
      </trkpt>
      <trkpt lat="49.23589861951768398284912109375" lon="-123.1162696145474910736083984375">
        <ele>96.8000030517578125</ele>
        <time>2025-05-04T14:10:08.000Z</time>
        <extensions>
          <ns3:TrackPointExtension>
            <ns3:atemp>14.0</ns3:atemp>
            <ns3:hr>154</ns3:hr>
            <ns3:cad>85</ns3:cad>
          </ns3:TrackPointExtension>
        </extensions>
      </trkpt>
      <trkpt lat="49.23586643300950527191162109375" lon="-123.116271793842315673828125">
        <ele>96.8000030517578125</ele>
        <time>2025-05-04T14:10:09.000Z</time>
        <extensions>
          <ns3:TrackPointExtension>
            <ns3:atemp>14.0</ns3:atemp>
            <ns3:hr>152</ns3:hr>
            <ns3:cad>86</ns3:cad>
          </ns3:TrackPointExtension>
        </extensions>
      </trkpt>
      <trkpt lat="49.2358344979584217071533203125" lon="-123.116274811327457427978515625">
        <ele>96.8000030517578125</ele>
        <time>2025-05-04T14:10:10.000Z</time>
        <extensions>
          <ns3:TrackPointExtension>
            <ns3:atemp>14.0</ns3:atemp>
            <ns3:hr>152</ns3:hr>
            <ns3:cad>86</ns3:cad>
          </ns3:TrackPointExtension>
        </extensions>
      </trkpt>
      <trkpt lat="49.2358066700398921966552734375" lon="-123.11627137474715709686279296875">
        <ele>96.8000030517578125</ele>
        <time>2025-05-04T14:10:11.000Z</time>
        <extensions>
          <ns3:TrackPointExtension>
            <ns3:atemp>14.0</ns3:atemp>
            <ns3:hr>152</ns3:hr>
            <ns3:cad>86</ns3:cad>
          </ns3:TrackPointExtension>
        </extensions>
      </trkpt>
      <trkpt lat="49.23577909357845783233642578125" lon="-123.11627271585166454315185546875">
        <ele>96.8000030517578125</ele>
        <time>2025-05-04T14:10:12.000Z</time>
        <extensions>
          <ns3:TrackPointExtension>
            <ns3:atemp>14.0</ns3:atemp>
            <ns3:hr>151</ns3:hr>
            <ns3:cad>86</ns3:cad>
          </ns3:TrackPointExtension>
        </extensions>
      </trkpt>
      <trkpt lat="49.23574917018413543701171875" lon="-123.11627824790775775909423828125">
        <ele>96.59999847412109375</ele>
        <time>2025-05-04T14:10:13.000Z</time>
        <extensions>
          <ns3:TrackPointExtension>
            <ns3:atemp>14.0</ns3:atemp>
            <ns3:hr>149</ns3:hr>
            <ns3:cad>88</ns3:cad>
          </ns3:TrackPointExtension>
        </extensions>
      </trkpt>
      <trkpt lat="49.235721342265605926513671875" lon="-123.11628059484064579010009765625">
        <ele>96.59999847412109375</ele>
        <time>2025-05-04T14:10:14.000Z</time>
        <extensions>
          <ns3:TrackPointExtension>
            <ns3:atemp>14.0</ns3:atemp>
            <ns3:hr>151</ns3:hr>
            <ns3:cad>85</ns3:cad>
          </ns3:TrackPointExtension>
        </extensions>
      </trkpt>
      <trkpt lat="49.23569820821285247802734375" lon="-123.1162803433835506439208984375">
        <ele>96.59999847412109375</ele>
        <time>2025-05-04T14:10:15.000Z</time>
        <extensions>
          <ns3:TrackPointExtension>
            <ns3:atemp>14.0</ns3:atemp>
            <ns3:hr>152</ns3:hr>
            <ns3:cad>87</ns3:cad>
          </ns3:TrackPointExtension>
        </extensions>
      </trkpt>
      <trkpt lat="49.23566644079983234405517578125" lon="-123.11628042720258235931396484375">
        <ele>96.59999847412109375</ele>
        <time>2025-05-04T14:10:16.000Z</time>
        <extensions>
          <ns3:TrackPointExtension>
            <ns3:atemp>14.0</ns3:atemp>
            <ns3:hr>148</ns3:hr>
            <ns3:cad>84</ns3:cad>
          </ns3:TrackPointExtension>
        </extensions>
      </trkpt>
      <trkpt lat="49.23563710413873195648193359375" lon="-123.1162826903164386749267578125">
        <ele>96.40000152587890625</ele>
        <time>2025-05-04T14:10:17.000Z</time>
        <extensions>
          <ns3:TrackPointExtension>
            <ns3:atemp>14.0</ns3:atemp>
            <ns3:hr>154</ns3:hr>
            <ns3:cad>87</ns3:cad>
          </ns3:TrackPointExtension>
        </extensions>
      </trkpt>
      <trkpt lat="49.23560743220150470733642578125" lon="-123.11628445051610469818115234375">
        <ele>96.40000152587890625</ele>
        <time>2025-05-04T14:10:18.000Z</time>
        <extensions>
          <ns3:TrackPointExtension>
            <ns3:atemp>14.0</ns3:atemp>
            <ns3:hr>156</ns3:hr>
            <ns3:cad>86</ns3:cad>
          </ns3:TrackPointExtension>
        </extensions>
      </trkpt>
      <trkpt lat="49.23557708971202373504638671875" lon="-123.1162816844880580902099609375">
        <ele>96.1999969482421875</ele>
        <time>2025-05-04T14:10:19.000Z</time>
        <extensions>
          <ns3:TrackPointExtension>
            <ns3:atemp>14.0</ns3:atemp>
            <ns3:hr>150</ns3:hr>
            <ns3:cad>83</ns3:cad>
          </ns3:TrackPointExtension>
        </extensions>
      </trkpt>
      <trkpt lat="49.23554976470768451690673828125" lon="-123.11628612689673900604248046875">
        <ele>96.1999969482421875</ele>
        <time>2025-05-04T14:10:20.000Z</time>
        <extensions>
          <ns3:TrackPointExtension>
            <ns3:atemp>14.0</ns3:atemp>
            <ns3:hr>153</ns3:hr>
            <ns3:cad>88</ns3:cad>
          </ns3:TrackPointExtension>
        </extensions>
      </trkpt>
      <trkpt lat="49.2355191707611083984375" lon="-123.1162850372493267059326171875">
        <ele>96.1999969482421875</ele>
        <time>2025-05-04T14:10:21.000Z</time>
        <extensions>
          <ns3:TrackPointExtension>
            <ns3:atemp>14.0</ns3:atemp>
            <ns3:hr>153</ns3:hr>
            <ns3:cad>87</ns3:cad>
          </ns3:TrackPointExtension>
        </extensions>
      </trkpt>
      <trkpt lat="49.23548606224358081817626953125" lon="-123.1162897311151027679443359375">
        <ele>96.1999969482421875</ele>
        <time>2025-05-04T14:10:22.000Z</time>
        <extensions>
          <ns3:TrackPointExtension>
            <ns3:atemp>14.0</ns3:atemp>
            <ns3:hr>154</ns3:hr>
            <ns3:cad>86</ns3:cad>
          </ns3:TrackPointExtension>
        </extensions>
      </trkpt>
      <trkpt lat="49.235453121364116668701171875" lon="-123.1162940897047519683837890625">
        <ele>96.1999969482421875</ele>
        <time>2025-05-04T14:10:23.000Z</time>
        <extensions>
          <ns3:TrackPointExtension>
            <ns3:atemp>14.0</ns3:atemp>
            <ns3:hr>152</ns3:hr>
            <ns3:cad>88</ns3:cad>
          </ns3:TrackPointExtension>
        </extensions>
      </trkpt>
      <trkpt lat="49.23542370088398456573486328125" lon="-123.11630020849406719207763671875">
        <ele>96.1999969482421875</ele>
        <time>2025-05-04T14:10:24.000Z</time>
        <extensions>
          <ns3:TrackPointExtension>
            <ns3:atemp>14.0</ns3:atemp>
            <ns3:hr>153</ns3:hr>
            <ns3:cad>88</ns3:cad>
          </ns3:TrackPointExtension>
        </extensions>
      </trkpt>
      <trkpt lat="49.23539620824158191680908203125" lon="-123.11631093733012676239013671875">
        <ele>96.1999969482421875</ele>
        <time>2025-05-04T14:10:25.000Z</time>
        <extensions>
          <ns3:TrackPointExtension>
            <ns3:atemp>14.0</ns3:atemp>
            <ns3:hr>155</ns3:hr>
            <ns3:cad>87</ns3:cad>
          </ns3:TrackPointExtension>
        </extensions>
      </trkpt>
      <trkpt lat="49.23536553047597408294677734375" lon="-123.11630775220692157745361328125">
        <ele>96.0</ele>
        <time>2025-05-04T14:10:26.000Z</time>
        <extensions>
          <ns3:TrackPointExtension>
            <ns3:atemp>14.0</ns3:atemp>
            <ns3:hr>154</ns3:hr>
            <ns3:cad>87</ns3:cad>
          </ns3:TrackPointExtension>
        </extensions>
      </trkpt>
      <trkpt lat="49.235337115824222564697265625" lon="-123.11631026677787303924560546875">
        <ele>96.0</ele>
        <time>2025-05-04T14:10:27.000Z</time>
        <extensions>
          <ns3:TrackPointExtension>
            <ns3:atemp>14.0</ns3:atemp>
            <ns3:hr>152</ns3:hr>
            <ns3:cad>88</ns3:cad>
          </ns3:TrackPointExtension>
        </extensions>
      </trkpt>
      <trkpt lat="49.2353111319243907928466796875" lon="-123.1163111887872219085693359375">
        <ele>96.0</ele>
        <time>2025-05-04T14:10:28.000Z</time>
        <extensions>
          <ns3:TrackPointExtension>
            <ns3:atemp>14.0</ns3:atemp>
            <ns3:hr>152</ns3:hr>
            <ns3:cad>86</ns3:cad>
          </ns3:TrackPointExtension>
        </extensions>
      </trkpt>
      <trkpt lat="49.235281459987163543701171875" lon="-123.11631093733012676239013671875">
        <ele>95.8000030517578125</ele>
        <time>2025-05-04T14:10:29.000Z</time>
        <extensions>
          <ns3:TrackPointExtension>
            <ns3:atemp>14.0</ns3:atemp>
            <ns3:hr>152</ns3:hr>
            <ns3:cad>85</ns3:cad>
          </ns3:TrackPointExtension>
        </extensions>
      </trkpt>
      <trkpt lat="49.23525203950703144073486328125" lon="-123.11630540527403354644775390625">
        <ele>95.8000030517578125</ele>
        <time>2025-05-04T14:10:30.000Z</time>
        <extensions>
          <ns3:TrackPointExtension>
            <ns3:atemp>14.0</ns3:atemp>
            <ns3:hr>154</ns3:hr>
            <ns3:cad>86</ns3:cad>
          </ns3:TrackPointExtension>
        </extensions>
      </trkpt>
      <trkpt lat="49.23522052355110645294189453125" lon="-123.11631001532077789306640625">
        <ele>95.8000030517578125</ele>
        <time>2025-05-04T14:10:31.000Z</time>
        <extensions>
          <ns3:TrackPointExtension>
            <ns3:atemp>14.0</ns3:atemp>
            <ns3:hr>149</ns3:hr>
            <ns3:cad>86</ns3:cad>
          </ns3:TrackPointExtension>
        </extensions>
      </trkpt>
      <trkpt lat="49.23519420437514781951904296875" lon="-123.11631227843463420867919921875">
        <ele>95.8000030517578125</ele>
        <time>2025-05-04T14:10:32.000Z</time>
        <extensions>
          <ns3:TrackPointExtension>
            <ns3:atemp>14.0</ns3:atemp>
            <ns3:hr>154</ns3:hr>
            <ns3:cad>86</ns3:cad>
          </ns3:TrackPointExtension>
        </extensions>
      </trkpt>
      <trkpt lat="49.235166795551776885986328125" lon="-123.11631806194782257080078125">
        <ele>95.8000030517578125</ele>
        <time>2025-05-04T14:10:33.000Z</time>
        <extensions>
          <ns3:TrackPointExtension>
            <ns3:atemp>14.0</ns3:atemp>
            <ns3:hr>151</ns3:hr>
            <ns3:cad>87</ns3:cad>
          </ns3:TrackPointExtension>
        </extensions>
      </trkpt>
      <trkpt lat="49.23513762652873992919921875" lon="-123.11632082797586917877197265625">
        <ele>95.8000030517578125</ele>
        <time>2025-05-04T14:10:34.000Z</time>
        <extensions>
          <ns3:TrackPointExtension>
            <ns3:atemp>14.0</ns3:atemp>
            <ns3:hr>154</ns3:hr>
            <ns3:cad>84</ns3:cad>
          </ns3:TrackPointExtension>
        </extensions>
      </trkpt>
      <trkpt lat="49.23511080443859100341796875" lon="-123.1163192354142665863037109375">
        <ele>95.59999847412109375</ele>
        <time>2025-05-04T14:10:35.000Z</time>
        <extensions>
          <ns3:TrackPointExtension>
            <ns3:atemp>14.0</ns3:atemp>
            <ns3:hr>154</ns3:hr>
            <ns3:cad>87</ns3:cad>
          </ns3:TrackPointExtension>
        </extensions>
      </trkpt>
      <trkpt lat="49.23508490435779094696044921875" lon="-123.1163199059665203094482421875">
        <ele>95.59999847412109375</ele>
        <time>2025-05-04T14:10:36.000Z</time>
        <extensions>
          <ns3:TrackPointExtension>
            <ns3:atemp>14.0</ns3:atemp>
            <ns3:hr>152</ns3:hr>
            <ns3:cad>87</ns3:cad>
          </ns3:TrackPointExtension>
        </extensions>
      </trkpt>
      <trkpt lat="49.23505405895411968231201171875" lon="-123.11631529591977596282958984375">
        <ele>95.59999847412109375</ele>
        <time>2025-05-04T14:10:37.000Z</time>
        <extensions>
          <ns3:TrackPointExtension>
            <ns3:atemp>14.0</ns3:atemp>
            <ns3:hr>151</ns3:hr>
            <ns3:cad>84</ns3:cad>
          </ns3:TrackPointExtension>
        </extensions>
      </trkpt>
      <trkpt lat="49.23502371646463871002197265625" lon="-123.1163118593394756317138671875">
        <ele>95.40000152587890625</ele>
        <time>2025-05-04T14:10:38.000Z</time>
        <extensions>
          <ns3:TrackPointExtension>
            <ns3:atemp>14.0</ns3:atemp>
            <ns3:hr>152</ns3:hr>
            <ns3:cad>88</ns3:cad>
          </ns3:TrackPointExtension>
        </extensions>
      </trkpt>
      <trkpt lat="49.23499437980353832244873046875" lon="-123.1163155473768711090087890625">
        <ele>95.40000152587890625</ele>
        <time>2025-05-04T14:10:39.000Z</time>
        <extensions>
          <ns3:TrackPointExtension>
            <ns3:atemp>14.0</ns3:atemp>
            <ns3:hr>150</ns3:hr>
            <ns3:cad>85</ns3:cad>
          </ns3:TrackPointExtension>
        </extensions>
      </trkpt>
      <trkpt lat="49.23496504314243793487548828125" lon="-123.11631177552044391632080078125">
        <ele>95.40000152587890625</ele>
        <time>2025-05-04T14:10:40.000Z</time>
        <extensions>
          <ns3:TrackPointExtension>
            <ns3:atemp>14.0</ns3:atemp>
            <ns3:hr>153</ns3:hr>
            <ns3:cad>84</ns3:cad>
          </ns3:TrackPointExtension>
        </extensions>
      </trkpt>
      <trkpt lat="49.2349349521100521087646484375" lon="-123.11630842275917530059814453125">
        <ele>95.1999969482421875</ele>
        <time>2025-05-04T14:10:41.000Z</time>
        <extensions>
          <ns3:TrackPointExtension>
            <ns3:atemp>14.0</ns3:atemp>
            <ns3:hr>150</ns3:hr>
            <ns3:cad>86</ns3:cad>
          </ns3:TrackPointExtension>
        </extensions>
      </trkpt>
      <trkpt lat="49.23490771092474460601806640625" lon="-123.11630867421627044677734375">
        <ele>95.1999969482421875</ele>
        <time>2025-05-04T14:10:42.000Z</time>
        <extensions>
          <ns3:TrackPointExtension>
            <ns3:atemp>14.0</ns3:atemp>
            <ns3:hr>152</ns3:hr>
            <ns3:cad>86</ns3:cad>
          </ns3:TrackPointExtension>
        </extensions>
      </trkpt>
      <trkpt lat="49.2348794639110565185546875" lon="-123.11631261371076107025146484375">
        <ele>95.1999969482421875</ele>
        <time>2025-05-04T14:10:43.000Z</time>
        <extensions>
          <ns3:TrackPointExtension>
            <ns3:atemp>14.0</ns3:atemp>
            <ns3:hr>151</ns3:hr>
            <ns3:cad>84</ns3:cad>
          </ns3:TrackPointExtension>
        </extensions>
      </trkpt>
      <trkpt lat="49.23485037870705127716064453125" lon="-123.11631429009139537811279296875">
        <ele>95.0</ele>
        <time>2025-05-04T14:10:44.000Z</time>
        <extensions>
          <ns3:TrackPointExtension>
            <ns3:atemp>14.0</ns3:atemp>
            <ns3:hr>155</ns3:hr>
            <ns3:cad>86</ns3:cad>
          </ns3:TrackPointExtension>
        </extensions>
      </trkpt>
      <trkpt lat="49.2348182760179042816162109375" lon="-123.1163145415484905242919921875">
        <ele>94.8000030517578125</ele>
        <time>2025-05-04T14:10:45.000Z</time>
        <extensions>
          <ns3:TrackPointExtension>
            <ns3:atemp>14.0</ns3:atemp>
            <ns3:hr>155</ns3:hr>
            <ns3:cad>87</ns3:cad>
          </ns3:TrackPointExtension>
        </extensions>
      </trkpt>
      <trkpt lat="49.234785921871662139892578125" lon="-123.116311021149158477783203125">
        <ele>94.8000030517578125</ele>
        <time>2025-05-04T14:10:46.000Z</time>
        <extensions>
          <ns3:TrackPointExtension>
            <ns3:atemp>14.0</ns3:atemp>
            <ns3:hr>151</ns3:hr>
            <ns3:cad>87</ns3:cad>
          </ns3:TrackPointExtension>
        </extensions>
      </trkpt>
      <trkpt lat="49.23475742340087890625" lon="-123.11631403863430023193359375">
        <ele>94.8000030517578125</ele>
        <time>2025-05-04T14:10:47.000Z</time>
        <extensions>
          <ns3:TrackPointExtension>
            <ns3:atemp>14.0</ns3:atemp>
            <ns3:hr>154</ns3:hr>
            <ns3:cad>86</ns3:cad>
          </ns3:TrackPointExtension>
        </extensions>
      </trkpt>
      <trkpt lat="49.234727583825588226318359375" lon="-123.11631537973880767822265625">
        <ele>94.8000030517578125</ele>
        <time>2025-05-04T14:10:48.000Z</time>
        <extensions>
          <ns3:TrackPointExtension>
            <ns3:atemp>14.0</ns3:atemp>
            <ns3:hr>153</ns3:hr>
            <ns3:cad>90</ns3:cad>
          </ns3:TrackPointExtension>
        </extensions>
      </trkpt>
      <trkpt lat="49.23469598405063152313232421875" lon="-123.1163138709962368011474609375">
        <ele>94.59999847412109375</ele>
        <time>2025-05-04T14:10:49.000Z</time>
        <extensions>
          <ns3:TrackPointExtension>
            <ns3:atemp>14.0</ns3:atemp>
            <ns3:hr>151</ns3:hr>
            <ns3:cad>86</ns3:cad>
          </ns3:TrackPointExtension>
        </extensions>
      </trkpt>
      <trkpt lat="49.234665893018245697021484375" lon="-123.116317726671695709228515625">
        <ele>94.59999847412109375</ele>
        <time>2025-05-04T14:10:50.000Z</time>
        <extensions>
          <ns3:TrackPointExtension>
            <ns3:atemp>14.0</ns3:atemp>
            <ns3:hr>154</ns3:hr>
            <ns3:cad>85</ns3:cad>
          </ns3:TrackPointExtension>
        </extensions>
      </trkpt>
      <trkpt lat="49.2346338741481304168701171875" lon="-123.1163202412426471710205078125">
        <ele>94.59999847412109375</ele>
        <time>2025-05-04T14:10:51.000Z</time>
        <extensions>
          <ns3:TrackPointExtension>
            <ns3:atemp>14.0</ns3:atemp>
            <ns3:hr>150</ns3:hr>
            <ns3:cad>83</ns3:cad>
          </ns3:TrackPointExtension>
        </extensions>
      </trkpt>
      <trkpt lat="49.2346053756773471832275390625" lon="-123.11632476747035980224609375">
        <ele>94.40000152587890625</ele>
        <time>2025-05-04T14:10:52.000Z</time>
        <extensions>
          <ns3:TrackPointExtension>
            <ns3:atemp>14.0</ns3:atemp>
            <ns3:hr>150</ns3:hr>
            <ns3:cad>87</ns3:cad>
          </ns3:TrackPointExtension>
        </extensions>
      </trkpt>
      <trkpt lat="49.23457779921591281890869140625" lon="-123.11632166616618633270263671875">
        <ele>94.59999847412109375</ele>
        <time>2025-05-04T14:10:53.000Z</time>
        <extensions>
          <ns3:TrackPointExtension>
            <ns3:atemp>14.0</ns3:atemp>
            <ns3:hr>154</ns3:hr>
            <ns3:cad>88</ns3:cad>
          </ns3:TrackPointExtension>
        </extensions>
      </trkpt>
      <trkpt lat="49.234547875821590423583984375" lon="-123.11632501892745494842529296875">
        <ele>94.40000152587890625</ele>
        <time>2025-05-04T14:10:54.000Z</time>
        <extensions>
          <ns3:TrackPointExtension>
            <ns3:atemp>14.0</ns3:atemp>
            <ns3:hr>151</ns3:hr>
            <ns3:cad>83</ns3:cad>
          </ns3:TrackPointExtension>
        </extensions>
      </trkpt>
      <trkpt lat="49.2345158569514751434326171875" lon="-123.11632610857486724853515625">
        <ele>94.40000152587890625</ele>
        <time>2025-05-04T14:10:55.000Z</time>
        <extensions>
          <ns3:TrackPointExtension>
            <ns3:atemp>14.0</ns3:atemp>
            <ns3:hr>151</ns3:hr>
            <ns3:cad>85</ns3:cad>
          </ns3:TrackPointExtension>
        </extensions>
      </trkpt>
      <trkpt lat="49.23448341898620128631591796875" lon="-123.116325773298740386962890625">
        <ele>94.40000152587890625</ele>
        <time>2025-05-04T14:10:56.000Z</time>
        <extensions>
          <ns3:TrackPointExtension>
            <ns3:atemp>14.0</ns3:atemp>
            <ns3:hr>151</ns3:hr>
            <ns3:cad>85</ns3:cad>
          </ns3:TrackPointExtension>
        </extensions>
      </trkpt>
      <trkpt lat="49.23445106483995914459228515625" lon="-123.11633013188838958740234375">
        <ele>94.1999969482421875</ele>
        <time>2025-05-04T14:10:57.000Z</time>
        <extensions>
          <ns3:TrackPointExtension>
            <ns3:atemp>14.0</ns3:atemp>
            <ns3:hr>152</ns3:hr>
            <ns3:cad>85</ns3:cad>
          </ns3:TrackPointExtension>
        </extensions>
      </trkpt>
      <trkpt lat="49.2344223149120807647705078125" lon="-123.1163313053548336029052734375">
        <ele>94.1999969482421875</ele>
        <time>2025-05-04T14:10:58.000Z</time>
        <extensions>
          <ns3:TrackPointExtension>
            <ns3:atemp>14.0</ns3:atemp>
            <ns3:hr>153</ns3:hr>
            <ns3:cad>85</ns3:cad>
          </ns3:TrackPointExtension>
        </extensions>
      </trkpt>
      <trkpt lat="49.2343894578516483306884765625" lon="-123.1163292936980724334716796875">
        <ele>94.0</ele>
        <time>2025-05-04T14:10:59.000Z</time>
        <extensions>
          <ns3:TrackPointExtension>
            <ns3:atemp>14.0</ns3:atemp>
            <ns3:hr>155</ns3:hr>
            <ns3:cad>83</ns3:cad>
          </ns3:TrackPointExtension>
        </extensions>
      </trkpt>
      <trkpt lat="49.23435735516250133514404296875" lon="-123.11633608303964138031005859375">
        <ele>93.8000030517578125</ele>
        <time>2025-05-04T14:11:00.000Z</time>
        <extensions>
          <ns3:TrackPointExtension>
            <ns3:atemp>14.0</ns3:atemp>
            <ns3:hr>153</ns3:hr>
            <ns3:cad>84</ns3:cad>
          </ns3:TrackPointExtension>
        </extensions>
      </trkpt>
      <trkpt lat="49.234325587749481201171875" lon="-123.1163319759070873260498046875">
        <ele>93.59999847412109375</ele>
        <time>2025-05-04T14:11:01.000Z</time>
        <extensions>
          <ns3:TrackPointExtension>
            <ns3:atemp>14.0</ns3:atemp>
            <ns3:hr>153</ns3:hr>
            <ns3:cad>86</ns3:cad>
          </ns3:TrackPointExtension>
        </extensions>
      </trkpt>
      <trkpt lat="49.234296418726444244384765625" lon="-123.11633692122995853424072265625">
        <ele>93.59999847412109375</ele>
        <time>2025-05-04T14:11:02.000Z</time>
        <extensions>
          <ns3:TrackPointExtension>
            <ns3:atemp>14.0</ns3:atemp>
            <ns3:hr>153</ns3:hr>
            <ns3:cad>85</ns3:cad>
          </ns3:TrackPointExtension>
        </extensions>
      </trkpt>
      <trkpt lat="49.23425828106701374053955078125" lon="-123.11634245328605175018310546875">
        <ele>93.59999847412109375</ele>
        <time>2025-05-04T14:11:03.000Z</time>
        <extensions>
          <ns3:TrackPointExtension>
            <ns3:atemp>14.0</ns3:atemp>
            <ns3:hr>155</ns3:hr>
            <ns3:cad>85</ns3:cad>
          </ns3:TrackPointExtension>
        </extensions>
      </trkpt>
      <trkpt lat="49.23422835767269134521484375" lon="-123.11634060926735401153564453125">
        <ele>93.8000030517578125</ele>
        <time>2025-05-04T14:11:04.000Z</time>
        <extensions>
          <ns3:TrackPointExtension>
            <ns3:atemp>14.0</ns3:atemp>
            <ns3:hr>152</ns3:hr>
            <ns3:cad>86</ns3:cad>
          </ns3:TrackPointExtension>
        </extensions>
      </trkpt>
      <trkpt lat="49.23419508151710033416748046875" lon="-123.116345219314098358154296875">
        <ele>93.59999847412109375</ele>
        <time>2025-05-04T14:11:05.000Z</time>
        <extensions>
          <ns3:TrackPointExtension>
            <ns3:atemp>14.0</ns3:atemp>
            <ns3:hr>155</ns3:hr>
            <ns3:cad>88</ns3:cad>
          </ns3:TrackPointExtension>
        </extensions>
      </trkpt>
      <trkpt lat="49.2341648228466510772705078125" lon="-123.116343878209590911865234375">
        <ele>93.59999847412109375</ele>
        <time>2025-05-04T14:11:06.000Z</time>
        <extensions>
          <ns3:TrackPointExtension>
            <ns3:atemp>14.0</ns3:atemp>
            <ns3:hr>153</ns3:hr>
            <ns3:cad>85</ns3:cad>
          </ns3:TrackPointExtension>
        </extensions>
      </trkpt>
      <trkpt lat="49.234135486185550689697265625" lon="-123.11635200865566730499267578125">
        <ele>93.59999847412109375</ele>
        <time>2025-05-04T14:11:07.000Z</time>
        <extensions>
          <ns3:TrackPointExtension>
            <ns3:atemp>14.0</ns3:atemp>
            <ns3:hr>150</ns3:hr>
            <ns3:cad>88</ns3:cad>
          </ns3:TrackPointExtension>
        </extensions>
      </trkpt>
      <trkpt lat="49.23410187475383281707763671875" lon="-123.11635670252144336700439453125">
        <ele>93.59999847412109375</ele>
        <time>2025-05-04T14:11:08.000Z</time>
        <extensions>
          <ns3:TrackPointExtension>
            <ns3:atemp>14.0</ns3:atemp>
            <ns3:hr>149</ns3:hr>
            <ns3:cad>84</ns3:cad>
          </ns3:TrackPointExtension>
        </extensions>
      </trkpt>
      <trkpt lat="49.234071113169193267822265625" lon="-123.11635837890207767486572265625">
        <ele>93.40000152587890625</ele>
        <time>2025-05-04T14:11:09.000Z</time>
        <extensions>
          <ns3:TrackPointExtension>
            <ns3:atemp>14.0</ns3:atemp>
            <ns3:hr>151</ns3:hr>
            <ns3:cad>86</ns3:cad>
          </ns3:TrackPointExtension>
        </extensions>
      </trkpt>
      <trkpt lat="49.23404085449874401092529296875" lon="-123.11636357568204402923583984375">
        <ele>93.40000152587890625</ele>
        <time>2025-05-04T14:11:10.000Z</time>
        <extensions>
          <ns3:TrackPointExtension>
            <ns3:atemp>14.0</ns3:atemp>
            <ns3:hr>153</ns3:hr>
            <ns3:cad>86</ns3:cad>
          </ns3:TrackPointExtension>
        </extensions>
      </trkpt>
      <trkpt lat="49.23401118256151676177978515625" lon="-123.1163634918630123138427734375">
        <ele>93.40000152587890625</ele>
        <time>2025-05-04T14:11:11.000Z</time>
        <extensions>
          <ns3:TrackPointExtension>
            <ns3:atemp>14.0</ns3:atemp>
            <ns3:hr>154</ns3:hr>
            <ns3:cad>85</ns3:cad>
          </ns3:TrackPointExtension>
        </extensions>
      </trkpt>
      <trkpt lat="49.23397983424365520477294921875" lon="-123.11636826954782009124755859375">
        <ele>93.1999969482421875</ele>
        <time>2025-05-04T14:11:12.000Z</time>
        <extensions>
          <ns3:TrackPointExtension>
            <ns3:atemp>14.0</ns3:atemp>
            <ns3:hr>153</ns3:hr>
            <ns3:cad>88</ns3:cad>
          </ns3:TrackPointExtension>
        </extensions>
      </trkpt>
      <trkpt lat="49.23395100049674510955810546875" lon="-123.11637170612812042236328125">
        <ele>93.1999969482421875</ele>
        <time>2025-05-04T14:11:13.000Z</time>
        <extensions>
          <ns3:TrackPointExtension>
            <ns3:atemp>14.0</ns3:atemp>
            <ns3:hr>151</ns3:hr>
            <ns3:cad>83</ns3:cad>
          </ns3:TrackPointExtension>
        </extensions>
      </trkpt>
      <trkpt lat="49.23391981981694698333740234375" lon="-123.1163696944713592529296875">
        <ele>93.1999969482421875</ele>
        <time>2025-05-04T14:11:14.000Z</time>
        <extensions>
          <ns3:TrackPointExtension>
            <ns3:atemp>14.0</ns3:atemp>
            <ns3:hr>151</ns3:hr>
            <ns3:cad>86</ns3:cad>
          </ns3:TrackPointExtension>
        </extensions>
      </trkpt>
      <trkpt lat="49.2338868789374828338623046875" lon="-123.11637178994715213775634765625">
        <ele>93.1999969482421875</ele>
        <time>2025-05-04T14:11:15.000Z</time>
        <extensions>
          <ns3:TrackPointExtension>
            <ns3:atemp>14.0</ns3:atemp>
            <ns3:hr>153</ns3:hr>
            <ns3:cad>86</ns3:cad>
          </ns3:TrackPointExtension>
        </extensions>
      </trkpt>
      <trkpt lat="49.23385896719992160797119140625" lon="-123.11637447215616703033447265625">
        <ele>93.0</ele>
        <time>2025-05-04T14:11:16.000Z</time>
        <extensions>
          <ns3:TrackPointExtension>
            <ns3:atemp>14.0</ns3:atemp>
            <ns3:hr>151</ns3:hr>
            <ns3:cad>85</ns3:cad>
          </ns3:TrackPointExtension>
        </extensions>
      </trkpt>
      <trkpt lat="49.2338275350630283355712890625" lon="-123.1163750588893890380859375">
        <ele>93.0</ele>
        <time>2025-05-04T14:11:17.000Z</time>
        <extensions>
          <ns3:TrackPointExtension>
            <ns3:atemp>14.0</ns3:atemp>
            <ns3:hr>153</ns3:hr>
            <ns3:cad>86</ns3:cad>
          </ns3:TrackPointExtension>
        </extensions>
      </trkpt>
      <trkpt lat="49.23379610292613506317138671875" lon="-123.11637480743229389190673828125">
        <ele>93.0</ele>
        <time>2025-05-04T14:11:18.000Z</time>
        <extensions>
          <ns3:TrackPointExtension>
            <ns3:atemp>14.0</ns3:atemp>
            <ns3:hr>151</ns3:hr>
            <ns3:cad>88</ns3:cad>
          </ns3:TrackPointExtension>
        </extensions>
      </trkpt>
      <trkpt lat="49.23376433551311492919921875" lon="-123.11637572944164276123046875">
        <ele>93.0</ele>
        <time>2025-05-04T14:11:19.000Z</time>
        <extensions>
          <ns3:TrackPointExtension>
            <ns3:atemp>14.0</ns3:atemp>
            <ns3:hr>153</ns3:hr>
            <ns3:cad>86</ns3:cad>
          </ns3:TrackPointExtension>
        </extensions>
      </trkpt>
      <trkpt lat="49.2337329871952533721923828125" lon="-123.11637480743229389190673828125">
        <ele>93.0</ele>
        <time>2025-05-04T14:11:20.000Z</time>
        <extensions>
          <ns3:TrackPointExtension>
            <ns3:atemp>14.0</ns3:atemp>
            <ns3:hr>149</ns3:hr>
            <ns3:cad>86</ns3:cad>
          </ns3:TrackPointExtension>
        </extensions>
      </trkpt>
      <trkpt lat="49.2337021417915821075439453125" lon="-123.11637304723262786865234375">
        <ele>93.0</ele>
        <time>2025-05-04T14:11:21.000Z</time>
        <extensions>
          <ns3:TrackPointExtension>
            <ns3:atemp>14.0</ns3:atemp>
            <ns3:hr>153</ns3:hr>
            <ns3:cad>84</ns3:cad>
          </ns3:TrackPointExtension>
        </extensions>
      </trkpt>
      <trkpt lat="49.23367179930210113525390625" lon="-123.1163705326616764068603515625">
        <ele>93.0</ele>
        <time>2025-05-04T14:11:22.000Z</time>
        <extensions>
          <ns3:TrackPointExtension>
            <ns3:atemp>14.0</ns3:atemp>
            <ns3:hr>153</ns3:hr>
            <ns3:cad>86</ns3:cad>
          </ns3:TrackPointExtension>
        </extensions>
      </trkpt>
      <trkpt lat="49.23364321701228618621826171875" lon="-123.11637262813746929168701171875">
        <ele>93.0</ele>
        <time>2025-05-04T14:11:23.000Z</time>
        <extensions>
          <ns3:TrackPointExtension>
            <ns3:atemp>14.0</ns3:atemp>
            <ns3:hr>154</ns3:hr>
            <ns3:cad>83</ns3:cad>
          </ns3:TrackPointExtension>
        </extensions>
      </trkpt>
      <trkpt lat="49.23360734246671199798583984375" lon="-123.11637128703296184539794921875">
        <ele>93.1999969482421875</ele>
        <time>2025-05-04T14:11:24.000Z</time>
        <extensions>
          <ns3:TrackPointExtension>
            <ns3:atemp>14.0</ns3:atemp>
            <ns3:hr>152</ns3:hr>
            <ns3:cad>87</ns3:cad>
          </ns3:TrackPointExtension>
        </extensions>
      </trkpt>
      <trkpt lat="49.233574569225311279296875" lon="-123.116374053061008453369140625">
        <ele>93.1999969482421875</ele>
        <time>2025-05-04T14:11:25.000Z</time>
        <extensions>
          <ns3:TrackPointExtension>
            <ns3:atemp>14.0</ns3:atemp>
            <ns3:hr>153</ns3:hr>
            <ns3:cad>83</ns3:cad>
          </ns3:TrackPointExtension>
        </extensions>
      </trkpt>
      <trkpt lat="49.23354162834584712982177734375" lon="-123.1163750588893890380859375">
        <ele>93.0</ele>
        <time>2025-05-04T14:11:26.000Z</time>
        <extensions>
          <ns3:TrackPointExtension>
            <ns3:atemp>14.0</ns3:atemp>
            <ns3:hr>153</ns3:hr>
            <ns3:cad>86</ns3:cad>
          </ns3:TrackPointExtension>
        </extensions>
      </trkpt>
      <trkpt lat="49.23350793309509754180908203125" lon="-123.11637413688004016876220703125">
        <ele>93.0</ele>
        <time>2025-05-04T14:11:27.000Z</time>
        <extensions>
          <ns3:TrackPointExtension>
            <ns3:atemp>14.0</ns3:atemp>
            <ns3:hr>152</ns3:hr>
            <ns3:cad>88</ns3:cad>
          </ns3:TrackPointExtension>
        </extensions>
      </trkpt>
      <trkpt lat="49.233478009700775146484375" lon="-123.11637883074581623077392578125">
        <ele>93.0</ele>
        <time>2025-05-04T14:11:28.000Z</time>
        <extensions>
          <ns3:TrackPointExtension>
            <ns3:atemp>14.0</ns3:atemp>
            <ns3:hr>152</ns3:hr>
            <ns3:cad>85</ns3:cad>
          </ns3:TrackPointExtension>
        </extensions>
      </trkpt>
      <trkpt lat="49.2334480024874210357666015625" lon="-123.11637698672711849212646484375">
        <ele>93.0</ele>
        <time>2025-05-04T14:11:29.000Z</time>
        <extensions>
          <ns3:TrackPointExtension>
            <ns3:atemp>14.0</ns3:atemp>
            <ns3:hr>154</ns3:hr>
            <ns3:cad>87</ns3:cad>
          </ns3:TrackPointExtension>
        </extensions>
      </trkpt>
      <trkpt lat="49.2334163188934326171875" lon="-123.1163799203932285308837890625">
        <ele>92.8000030517578125</ele>
        <time>2025-05-04T14:11:30.000Z</time>
        <extensions>
          <ns3:TrackPointExtension>
            <ns3:atemp>14.0</ns3:atemp>
            <ns3:hr>152</ns3:hr>
            <ns3:cad>87</ns3:cad>
          </ns3:TrackPointExtension>
        </extensions>
      </trkpt>
      <trkpt lat="49.233386814594268798828125" lon="-123.1163879670202732086181640625">
        <ele>92.8000030517578125</ele>
        <time>2025-05-04T14:11:31.000Z</time>
        <extensions>
          <ns3:TrackPointExtension>
            <ns3:atemp>14.0</ns3:atemp>
            <ns3:hr>151</ns3:hr>
            <ns3:cad>84</ns3:cad>
          </ns3:TrackPointExtension>
        </extensions>
      </trkpt>
      <trkpt lat="49.233357645571231842041015625" lon="-123.1163916550576686859130859375">
        <ele>92.59999847412109375</ele>
        <time>2025-05-04T14:11:32.000Z</time>
        <extensions>
          <ns3:TrackPointExtension>
            <ns3:atemp>14.0</ns3:atemp>
            <ns3:hr>154</ns3:hr>
            <ns3:cad>85</ns3:cad>
          </ns3:TrackPointExtension>
        </extensions>
      </trkpt>
      <trkpt lat="49.23332654871046543121337890625" lon="-123.11638888902962207794189453125">
        <ele>92.8000030517578125</ele>
        <time>2025-05-04T14:11:33.000Z</time>
        <extensions>
          <ns3:TrackPointExtension>
            <ns3:atemp>14.0</ns3:atemp>
            <ns3:hr>155</ns3:hr>
            <ns3:cad>85</ns3:cad>
          </ns3:TrackPointExtension>
        </extensions>
      </trkpt>
      <trkpt lat="49.23329503275454044342041015625" lon="-123.11639710329473018646240234375">
        <ele>92.59999847412109375</ele>
        <time>2025-05-04T14:11:34.000Z</time>
        <extensions>
          <ns3:TrackPointExtension>
            <ns3:atemp>14.0</ns3:atemp>
            <ns3:hr>149</ns3:hr>
            <ns3:cad>86</ns3:cad>
          </ns3:TrackPointExtension>
        </extensions>
      </trkpt>
      <trkpt lat="49.23326016403734683990478515625" lon="-123.1163990311324596405029296875">
        <ele>92.40000152587890625</ele>
        <time>2025-05-04T14:11:35.000Z</time>
        <extensions>
          <ns3:TrackPointExtension>
            <ns3:atemp>14.0</ns3:atemp>
            <ns3:hr>151</ns3:hr>
            <ns3:cad>85</ns3:cad>
          </ns3:TrackPointExtension>
        </extensions>
      </trkpt>
      <trkpt lat="49.2332299053668975830078125" lon="-123.11640079133212566375732421875">
        <ele>92.40000152587890625</ele>
        <time>2025-05-04T14:11:36.000Z</time>
        <extensions>
          <ns3:TrackPointExtension>
            <ns3:atemp>14.0</ns3:atemp>
            <ns3:hr>154</ns3:hr>
            <ns3:cad>86</ns3:cad>
          </ns3:TrackPointExtension>
        </extensions>
      </trkpt>
      <trkpt lat="49.233201406896114349365234375" lon="-123.11640514992177486419677734375">
        <ele>92.1999969482421875</ele>
        <time>2025-05-04T14:11:37.000Z</time>
        <extensions>
          <ns3:TrackPointExtension>
            <ns3:atemp>14.0</ns3:atemp>
            <ns3:hr>149</ns3:hr>
            <ns3:cad>86</ns3:cad>
          </ns3:TrackPointExtension>
        </extensions>
      </trkpt>
      <trkpt lat="49.233171232044696807861328125" lon="-123.1164090894162654876708984375">
        <ele>92.0</ele>
        <time>2025-05-04T14:11:38.000Z</time>
        <extensions>
          <ns3:TrackPointExtension>
            <ns3:atemp>14.0</ns3:atemp>
            <ns3:hr>154</ns3:hr>
            <ns3:cad>86</ns3:cad>
          </ns3:TrackPointExtension>
        </extensions>
      </trkpt>
      <trkpt lat="49.233140051364898681640625" lon="-123.11641034670174121856689453125">
        <ele>92.0</ele>
        <time>2025-05-04T14:11:39.000Z</time>
        <extensions>
          <ns3:TrackPointExtension>
            <ns3:atemp>14.0</ns3:atemp>
            <ns3:hr>150</ns3:hr>
            <ns3:cad>86</ns3:cad>
          </ns3:TrackPointExtension>
        </extensions>
      </trkpt>
      <trkpt lat="49.2331033386290073394775390625" lon="-123.116404898464679718017578125">
        <ele>91.8000030517578125</ele>
        <time>2025-05-04T14:11:40.000Z</time>
        <extensions>
          <ns3:TrackPointExtension>
            <ns3:atemp>14.0</ns3:atemp>
            <ns3:hr>149</ns3:hr>
            <ns3:cad>87</ns3:cad>
          </ns3:TrackPointExtension>
        </extensions>
      </trkpt>
      <trkpt lat="49.2330718226730823516845703125" lon="-123.1163991987705230712890625">
        <ele>91.8000030517578125</ele>
        <time>2025-05-04T14:11:41.000Z</time>
        <extensions>
          <ns3:TrackPointExtension>
            <ns3:atemp>14.0</ns3:atemp>
            <ns3:hr>151</ns3:hr>
            <ns3:cad>87</ns3:cad>
          </ns3:TrackPointExtension>
        </extensions>
      </trkpt>
      <trkpt lat="49.23304273746907711029052734375" lon="-123.11639945022761821746826171875">
        <ele>91.8000030517578125</ele>
        <time>2025-05-04T14:11:42.000Z</time>
        <extensions>
          <ns3:TrackPointExtension>
            <ns3:atemp>14.0</ns3:atemp>
            <ns3:hr>155</ns3:hr>
            <ns3:cad>87</ns3:cad>
          </ns3:TrackPointExtension>
        </extensions>
      </trkpt>
      <trkpt lat="49.23301063477993011474609375" lon="-123.11639844439923763275146484375">
        <ele>91.8000030517578125</ele>
        <time>2025-05-04T14:11:43.000Z</time>
        <extensions>
          <ns3:TrackPointExtension>
            <ns3:atemp>14.0</ns3:atemp>
            <ns3:hr>149</ns3:hr>
            <ns3:cad>86</ns3:cad>
          </ns3:TrackPointExtension>
        </extensions>
      </trkpt>
      <trkpt lat="49.23297987319529056549072265625" lon="-123.1163966841995716094970703125">
        <ele>91.8000030517578125</ele>
        <time>2025-05-04T14:11:44.000Z</time>
        <extensions>
          <ns3:TrackPointExtension>
            <ns3:atemp>14.0</ns3:atemp>
            <ns3:hr>154</ns3:hr>
            <ns3:cad>86</ns3:cad>
          </ns3:TrackPointExtension>
        </extensions>
      </trkpt>
      <trkpt lat="49.23294936306774616241455078125" lon="-123.11640431173145771026611328125">
        <ele>91.59999847412109375</ele>
        <time>2025-05-04T14:11:45.000Z</time>
        <extensions>
          <ns3:TrackPointExtension>
            <ns3:atemp>14.0</ns3:atemp>
            <ns3:hr>150</ns3:hr>
            <ns3:cad>87</ns3:cad>
          </ns3:TrackPointExtension>
        </extensions>
      </trkpt>
      <trkpt lat="49.23291902057826519012451171875" lon="-123.11640799976885318756103515625">
        <ele>91.8000030517578125</ele>
        <time>2025-05-04T14:11:46.000Z</time>
        <extensions>
          <ns3:TrackPointExtension>
            <ns3:atemp>14.0</ns3:atemp>
            <ns3:hr>148</ns3:hr>
            <ns3:cad>84</ns3:cad>
          </ns3:TrackPointExtension>
        </extensions>
      </trkpt>
      <trkpt lat="49.232887588441371917724609375" lon="-123.116404227912425994873046875">
        <ele>91.8000030517578125</ele>
        <time>2025-05-04T14:11:47.000Z</time>
        <extensions>
          <ns3:TrackPointExtension>
            <ns3:atemp>14.0</ns3:atemp>
            <ns3:hr>151</ns3:hr>
            <ns3:cad>86</ns3:cad>
          </ns3:TrackPointExtension>
        </extensions>
      </trkpt>
      <trkpt lat="49.23285431228578090667724609375" lon="-123.1164043955504894256591796875">
        <ele>91.8000030517578125</ele>
        <time>2025-05-04T14:11:48.000Z</time>
        <extensions>
          <ns3:TrackPointExtension>
            <ns3:atemp>14.0</ns3:atemp>
            <ns3:hr>150</ns3:hr>
            <ns3:cad>87</ns3:cad>
          </ns3:TrackPointExtension>
        </extensions>
      </trkpt>
      <trkpt lat="49.2328240536153316497802734375" lon="-123.11640347354114055633544921875">
        <ele>91.8000030517578125</ele>
        <time>2025-05-04T14:11:49.000Z</time>
        <extensions>
          <ns3:TrackPointExtension>
            <ns3:atemp>14.0</ns3:atemp>
            <ns3:hr>152</ns3:hr>
            <ns3:cad>86</ns3:cad>
          </ns3:TrackPointExtension>
        </extensions>
      </trkpt>
      <trkpt lat="49.23278993926942348480224609375" lon="-123.11640162952244281768798828125">
        <ele>91.59999847412109375</ele>
        <time>2025-05-04T14:11:50.000Z</time>
        <extensions>
          <ns3:TrackPointExtension>
            <ns3:atemp>14.0</ns3:atemp>
            <ns3:hr>152</ns3:hr>
            <ns3:cad>88</ns3:cad>
          </ns3:TrackPointExtension>
        </extensions>
      </trkpt>
      <trkpt lat="49.23276244662702083587646484375" lon="-123.116397857666015625">
        <ele>91.40000152587890625</ele>
        <time>2025-05-04T14:11:51.000Z</time>
        <extensions>
          <ns3:TrackPointExtension>
            <ns3:atemp>14.0</ns3:atemp>
            <ns3:hr>152</ns3:hr>
            <ns3:cad>86</ns3:cad>
          </ns3:TrackPointExtension>
        </extensions>
      </trkpt>
      <trkpt lat="49.23273093067109584808349609375" lon="-123.11639995314180850982666015625">
        <ele>91.40000152587890625</ele>
        <time>2025-05-04T14:11:52.000Z</time>
        <extensions>
          <ns3:TrackPointExtension>
            <ns3:atemp>14.0</ns3:atemp>
            <ns3:hr>151</ns3:hr>
            <ns3:cad>86</ns3:cad>
          </ns3:TrackPointExtension>
        </extensions>
      </trkpt>
      <trkpt lat="49.23270142637193202972412109375" lon="-123.11640028841793537139892578125">
        <ele>91.1999969482421875</ele>
        <time>2025-05-04T14:11:53.000Z</time>
        <extensions>
          <ns3:TrackPointExtension>
            <ns3:atemp>14.0</ns3:atemp>
            <ns3:hr>150</ns3:hr>
            <ns3:cad>87</ns3:cad>
          </ns3:TrackPointExtension>
        </extensions>
      </trkpt>
      <trkpt lat="49.2326751910150051116943359375" lon="-123.11640481464564800262451171875">
        <ele>91.1999969482421875</ele>
        <time>2025-05-04T14:11:54.000Z</time>
        <extensions>
          <ns3:TrackPointExtension>
            <ns3:atemp>14.0</ns3:atemp>
            <ns3:hr>151</ns3:hr>
            <ns3:cad>84</ns3:cad>
          </ns3:TrackPointExtension>
        </extensions>
      </trkpt>
      <trkpt lat="49.2326440103352069854736328125" lon="-123.1164020486176013946533203125">
        <ele>91.1999969482421875</ele>
        <time>2025-05-04T14:11:55.000Z</time>
        <extensions>
          <ns3:TrackPointExtension>
            <ns3:atemp>14.0</ns3:atemp>
            <ns3:hr>153</ns3:hr>
            <ns3:cad>86</ns3:cad>
          </ns3:TrackPointExtension>
        </extensions>
      </trkpt>
      <trkpt lat="49.2326178587973117828369140625" lon="-123.116406910121440887451171875">
        <ele>91.1999969482421875</ele>
        <time>2025-05-04T14:11:56.000Z</time>
        <extensions>
          <ns3:TrackPointExtension>
            <ns3:atemp>14.0</ns3:atemp>
            <ns3:hr>152</ns3:hr>
            <ns3:cad>85</ns3:cad>
          </ns3:TrackPointExtension>
        </extensions>
      </trkpt>
      <trkpt lat="49.23258810304105281829833984375" lon="-123.116412945091724395751953125">
        <ele>91.40000152587890625</ele>
        <time>2025-05-04T14:11:57.000Z</time>
        <extensions>
          <ns3:TrackPointExtension>
            <ns3:atemp>14.0</ns3:atemp>
            <ns3:hr>155</ns3:hr>
            <ns3:cad>84</ns3:cad>
          </ns3:TrackPointExtension>
        </extensions>
      </trkpt>
      <trkpt lat="49.23255491070449352264404296875" lon="-123.11640967614948749542236328125">
        <ele>91.1999969482421875</ele>
        <time>2025-05-04T14:11:58.000Z</time>
        <extensions>
          <ns3:TrackPointExtension>
            <ns3:atemp>14.0</ns3:atemp>
            <ns3:hr>154</ns3:hr>
            <ns3:cad>87</ns3:cad>
          </ns3:TrackPointExtension>
        </extensions>
      </trkpt>
      <trkpt lat="49.23252490349113941192626953125" lon="-123.11641420237720012664794921875">
        <ele>91.1999969482421875</ele>
        <time>2025-05-04T14:11:59.000Z</time>
        <extensions>
          <ns3:TrackPointExtension>
            <ns3:atemp>14.0</ns3:atemp>
            <ns3:hr>151</ns3:hr>
            <ns3:cad>89</ns3:cad>
          </ns3:TrackPointExtension>
        </extensions>
      </trkpt>
      <trkpt lat="49.23249456100165843963623046875" lon="-123.11641956679522991180419921875">
        <ele>91.1999969482421875</ele>
        <time>2025-05-04T14:12:00.000Z</time>
        <extensions>
          <ns3:TrackPointExtension>
            <ns3:atemp>14.0</ns3:atemp>
            <ns3:hr>153</ns3:hr>
            <ns3:cad>85</ns3:cad>
          </ns3:TrackPointExtension>
        </extensions>
      </trkpt>
      <trkpt lat="49.23246405087411403656005859375" lon="-123.116417638957500457763671875">
        <ele>91.1999969482421875</ele>
        <time>2025-05-04T14:12:01.000Z</time>
        <extensions>
          <ns3:TrackPointExtension>
            <ns3:atemp>14.0</ns3:atemp>
            <ns3:hr>154</ns3:hr>
            <ns3:cad>86</ns3:cad>
          </ns3:TrackPointExtension>
        </extensions>
      </trkpt>
      <trkpt lat="49.2324358038604259490966796875" lon="-123.116416968405246734619140625">
        <ele>91.1999969482421875</ele>
        <time>2025-05-04T14:12:02.000Z</time>
        <extensions>
          <ns3:TrackPointExtension>
            <ns3:atemp>14.0</ns3:atemp>
            <ns3:hr>154</ns3:hr>
            <ns3:cad>86</ns3:cad>
          </ns3:TrackPointExtension>
        </extensions>
      </trkpt>
      <trkpt lat="49.232404790818691253662109375" lon="-123.11641990207135677337646484375">
        <ele>91.1999969482421875</ele>
        <time>2025-05-04T14:12:03.000Z</time>
        <extensions>
          <ns3:TrackPointExtension>
            <ns3:atemp>14.0</ns3:atemp>
            <ns3:hr>149</ns3:hr>
            <ns3:cad>87</ns3:cad>
          </ns3:TrackPointExtension>
        </extensions>
      </trkpt>
      <trkpt lat="49.23237587325274944305419921875" lon="-123.116419650614261627197265625">
        <ele>91.1999969482421875</ele>
        <time>2025-05-04T14:12:04.000Z</time>
        <extensions>
          <ns3:TrackPointExtension>
            <ns3:atemp>14.0</ns3:atemp>
            <ns3:hr>152</ns3:hr>
            <ns3:cad>85</ns3:cad>
          </ns3:TrackPointExtension>
        </extensions>
      </trkpt>
      <trkpt lat="49.232342429459095001220703125" lon="-123.11642459593713283538818359375">
        <ele>91.1999969482421875</ele>
        <time>2025-05-04T14:12:05.000Z</time>
        <extensions>
          <ns3:TrackPointExtension>
            <ns3:atemp>14.0</ns3:atemp>
            <ns3:hr>153</ns3:hr>
            <ns3:cad>90</ns3:cad>
          </ns3:TrackPointExtension>
        </extensions>
      </trkpt>
      <trkpt lat="49.232310913503170013427734375" lon="-123.1164265237748622894287109375">
        <ele>91.0</ele>
        <time>2025-05-04T14:12:06.000Z</time>
        <extensions>
          <ns3:TrackPointExtension>
            <ns3:atemp>14.0</ns3:atemp>
            <ns3:hr>152</ns3:hr>
            <ns3:cad>88</ns3:cad>
          </ns3:TrackPointExtension>
        </extensions>
      </trkpt>
      <trkpt lat="49.2322790622711181640625" lon="-123.1164282001554965972900390625">
        <ele>90.8000030517578125</ele>
        <time>2025-05-04T14:12:07.000Z</time>
        <extensions>
          <ns3:TrackPointExtension>
            <ns3:atemp>14.0</ns3:atemp>
            <ns3:hr>152</ns3:hr>
            <ns3:cad>88</ns3:cad>
          </ns3:TrackPointExtension>
        </extensions>
      </trkpt>
      <trkpt lat="49.2322490550577640533447265625" lon="-123.11642266809940338134765625">
        <ele>90.8000030517578125</ele>
        <time>2025-05-04T14:12:08.000Z</time>
        <extensions>
          <ns3:TrackPointExtension>
            <ns3:atemp>14.0</ns3:atemp>
            <ns3:hr>154</ns3:hr>
            <ns3:cad>85</ns3:cad>
          </ns3:TrackPointExtension>
        </extensions>
      </trkpt>
      <trkpt lat="49.23221326433122158050537109375" lon="-123.11642258428037166595458984375">
        <ele>90.8000030517578125</ele>
        <time>2025-05-04T14:12:09.000Z</time>
        <extensions>
          <ns3:TrackPointExtension>
            <ns3:atemp>14.0</ns3:atemp>
            <ns3:hr>153</ns3:hr>
            <ns3:cad>86</ns3:cad>
          </ns3:TrackPointExtension>
        </extensions>
      </trkpt>
      <trkpt lat="49.2321819998323917388916015625" lon="-123.1164233386516571044921875">
        <ele>90.59999847412109375</ele>
        <time>2025-05-04T14:12:10.000Z</time>
        <extensions>
          <ns3:TrackPointExtension>
            <ns3:atemp>14.0</ns3:atemp>
            <ns3:hr>149</ns3:hr>
            <ns3:cad>84</ns3:cad>
          </ns3:TrackPointExtension>
        </extensions>
      </trkpt>
      <trkpt lat="49.2321535013616085052490234375" lon="-123.116425685584545135498046875">
        <ele>90.59999847412109375</ele>
        <time>2025-05-04T14:12:11.000Z</time>
        <extensions>
          <ns3:TrackPointExtension>
            <ns3:atemp>14.0</ns3:atemp>
            <ns3:hr>150</ns3:hr>
            <ns3:cad>85</ns3:cad>
          </ns3:TrackPointExtension>
        </extensions>
      </trkpt>
      <trkpt lat="49.23212273977696895599365234375" lon="-123.116432726383209228515625">
        <ele>90.59999847412109375</ele>
        <time>2025-05-04T14:12:12.000Z</time>
        <extensions>
          <ns3:TrackPointExtension>
            <ns3:atemp>14.0</ns3:atemp>
            <ns3:hr>155</ns3:hr>
            <ns3:cad>87</ns3:cad>
          </ns3:TrackPointExtension>
        </extensions>
      </trkpt>
      <trkpt lat="49.23209507949650287628173828125" lon="-123.11643264256417751312255859375">
        <ele>90.59999847412109375</ele>
        <time>2025-05-04T14:12:13.000Z</time>
        <extensions>
          <ns3:TrackPointExtension>
            <ns3:atemp>14.0</ns3:atemp>
            <ns3:hr>154</ns3:hr>
            <ns3:cad>85</ns3:cad>
          </ns3:TrackPointExtension>
        </extensions>
      </trkpt>
      <trkpt lat="49.23206591047346591949462890625" lon="-123.11643247492611408233642578125">
        <ele>90.59999847412109375</ele>
        <time>2025-05-04T14:12:14.000Z</time>
        <extensions>
          <ns3:TrackPointExtension>
            <ns3:atemp>14.0</ns3:atemp>
            <ns3:hr>153</ns3:hr>
            <ns3:cad>87</ns3:cad>
          </ns3:TrackPointExtension>
        </extensions>
      </trkpt>
    </trkseg>
  </trk>
</gpx>
